Unnamed: 0,word,tags,chinese
0,abandon,VERB,放弃
1,abase,INTJ,自卑
2,abash,VERB,使局促不安
3,abate,NOUN,减弱
4,abbreviate,ADJ,缩写
5,abdicate,VERB,退位
6,aberrant,ADJ,憎恶的
7,abet,NOUN,教唆
8,abeyance,NOUN,中止
9,abhor,ADJ,憎恶
10,abiding,VERB,持久的
11,abject,NOUN,可怜的
12,abjure,ADJ,发誓放弃
13,abnegate,VERB,放弃
14,abominate,VERB,痛恨
15,aboveboard,NOUN,光明正大的
16,abrade,NOUN,擦伤
17,abridge,VERB,缩短
18,abrogate,ADJ,废除
19,abscond,NOUN,潜逃
20,absolute,ADJ,绝对
21,absolve,NOUN,absolve
22,abstain,ADV,弃权
23,abstemious,ADJ,有节制的
24,abstract,ADJ,摘要
25,abstruse,NOUN,深奥的
26,absurd,ADJ,荒谬的
27,abundant,ADJ,丰富的
28,abuse,NOUN,滥用
29,abut,ADV,邻接
30,abysmal,ADJ,糟糕的
31,accede,X,accede
32,accelerate,VERB,加速
33,accessible,ADJ,可访问的
34,accessory,NOUN,附件
35,accidental,ADJ,意外
36,acclimate,VERB,适应新环境
37,accolade,ADV,拥抱
38,accommodate,ADJ,适应
39,accost,VERB,搭讪
40,accrete,VERB,合生
41,accumulate,VERB,积累
42,acerbic,NOUN,尖刻的
43,acme,INTJ,acme
44,acquiesce,VERB,默许
45,acrid,NOUN,刺鼻的
46,acrimonious,ADJ,激烈
47,acumen,NOUN,智慧
48,acute,ADJ,急性
49,adamant,ADJ,坚持
50,adapt,INTJ,适应
51,addict,VERB,成瘾者
52,adhere,VERB,坚持
53,adjourn,ADJ,休会
54,adjunct,ADJ,兼职
55,ad-lib,NOUN,即兴的
56,admonish,ADJ,告诫
57,adore,VERB,崇拜
58,adulate,VERB,奉承
59,adulterate,ADJ,通奸的
60,adumbrate,VERB,预示
61,adventitious,ADJ,不定
62,adversary,NOUN,对手
63,advert,NOUN,广告
64,advocate,NOUN,提倡
65,affable,ADJ,和蔼
66,affinity,NOUN,亲和力
67,affluent,ADJ,富裕的
68,aggrandize,VERB,强化
69,aggravate,NOUN,加剧
70,aggregate,VERB,总
71,aggressive,ADJ,咄咄逼人的
72,aggrieve,VERB,冒犯
73,agitate,NOUN,搅拌
74,agog,NOUN,兴奋的
75,agonize,VERB,感到极度痛苦
76,airtight,NOUN,密封的
77,alacrity,NOUN,活泼
78,alibi,VERB,不在场证明
79,alienate,NOUN,疏远
80,align,VERB,对齐
81,allay,NOUN,减轻
82,allegiance,NOUN,忠诚
83,alleviate,VERB,缓解
84,allude,ADJ,(暗示)
85,allure,NOUN,举止
86,ally,NOUN,盟友
87,aloft,ADV,在空中
88,aloof,ADJ,冷漠
89,altruism,NOUN,利他主义
90,amalgamate,VERB,合并
91,ambiguous,ADJ,模棱两可的
92,amble,VERB,漫步
93,ambrosial,NOUN,特别美味的
94,ameliorate,VERB,改善
95,amenable,ADJ,有义务的
96,amenity,NOUN,美化市容
97,amiable,ADJ,和蔼可亲的
98,amicable,ADJ,友好的
99,amity,NOUN,友好关系
100,amorphous,ADJ,非晶
101,analgesic,ADJ,止痛剂
102,anarchist,NOUN,无政府主义者
103,anathema,NOUN,令人厌恶的人
104,ancillary,ADJ,辅助
105,anecdote,VERB,轶事
106,anemic,ADJ,贫血
107,anesthetic,ADJ,麻醉
108,animate,VERB,动画
109,animus,ADJ,女性的男性意向
110,annoy,NOUN,骚扰
111,annul,NOUN,取消
112,anomalous,ADJ,异常
113,anonymous,ADJ,匿名
114,antagonize ,INTJ,对抗
115,antediluvian,NOUN,不合时宜的人
116,anterior,NOUN,anterior
117,antic,ADJ,滑稽可笑的
118,apathy,ADJ,冷漠
119,aphorism,NOUN,格言
120,apocalyptic,ADJ,世界末日
121,apocryphal,NOUN,虚构的
122,apoplectic,ADJ,中风的
123,apostasy,NOUN,叛教
124,appall,X,使胆寒
125,appeal,NOUN,上诉
126,appealing,VERB,吸引人的
127,applause ,NOUN,掌声
128,apposite,ADJ,贴切的
129,appreciable,ADJ,可感知的
130,apprehension,NOUN,忧虑
131,apprise,ADJ,汲取
132,approbation,NOUN,赞同
133,appropriate,ADJ,适当的
134,apropos,NOUN,适当地
135,apt,ADJ,恰当的
136,archaic,ADJ,古老的
137,archetype ,NOUN,原型
138,ardor,NOUN,ardor
139,arduous,ADJ,艰巨的
140,argot,VERB,argot
141,arrest,NOUN,逮捕
142,arresting,VERB,逮捕
143,arrhythmic,ADJ,无节奏的
144,arrogance,NOUN,傲慢
145,articulate,VERB,善于表达
146,ascendant,ADJ,上升的
147,ascetic,ADJ,苦行者
148,aseptic,ADJ,无菌
149,askew ,VERB,歪斜的
150,aspect,NOUN,方面
151,asperity,NOUN,艰苦的条件
152,aspersion,NOUN,洒水
153,aspirant,ADJ,有抱负的人
154,assent,NOUN,同意
155,assert,NOUN,断言
156,assertive,ADJ,自信的
157,assess,VERB,评估
158,assiduous,ADJ,刻苦
159,assuage,NOUN,缓和
160,astounding,ADJ,令人震惊的
161,astute,VERB,精明的
162,asunder,ADJ,分开
163,asylum,NOUN,庇护
164,asymmetrical,ADJ,不对称
165,atone,VERB,赎罪
166,atrocious,ADJ,糟糕透顶的
167,attenuate,VERB,减弱
168,audacious,ADJ,大胆的
169,augur,NOUN,预示着
170,authentic,ADJ,真实的
171,authority,NOUN,权威
172,autocracy,NOUN,独裁统治
173,autonomy,NOUN,自治
174,avarice,VERB,贪婪
175,aver,NOUN,断言
176,aversion,NOUN,厌恶
177,avid,ADJ,狂热的
178,awash,VERB,阿瓦什
179,awe,NOUN,敬畏
180,awkward,ADJ,尴尬的
181,awning,VERB,雨篷
182,awry,ADJ,失败
183,axiomatic,ADJ,公理
184,babble,ADJ,呀呀学语
185,backhanded,VERB,间接的
186,badger,NOUN,獾
187,badinage,NOUN,开玩笑
188,bait,VERB,诱饵
189,bale,NOUN,贝尔
190,baleful,ADJ,有害的
191,balk,NOUN,犹豫
192,balky,NOUN,倔强的
193,ballad,NOUN,民谣
194,balloon,NOUN,气球
195,balm,NOUN,乳香
196,banal,ADJ,banal
197,bane,NOUN,祸害
198,banish,NOUN,消除
199,banter,NOUN,玩笑
200,barb,NOUN,barb
201,barbarous,ADJ,野蛮的
202,barefaced,VERB,厚颜无耻的
203,bargain,NOUN,讨价还价
204,baroque,NOUN,巴洛克式的
205,barrage,NOUN,水坝
206,barren,PROPN,贫瘠的
207,barricade,NOUN,街垒
208,barter,NOUN,物物交换
209,batch,NOUN,批处理
210,bathetic,ADJ,陈腐的
211,bawdy,NOUN,下流的
212,bedeck,NOUN,修饰
213,belabor,INTJ,反复讨论
214,beleaguer,VERB,围
215,belie,PROPN,掩饰
216,bellwether,NOUN,领头羊
217,beneficent,ADJ,慈善的
218,benign,ADJ,良性的
219,berate,VERB,严责
220,beseech,VERB,求
221,besmirch,NOUN,污渍
222,bifurcate,VERB,分叉
223,bigot,NOUN,偏执的人
224,bland,ADJ,平淡无奇
225,blandishment,ADJ,哄诱
226,blasé,VERB,玩厌了的
227,blast,NOUN,爆炸
228,blatant,ADJ,明目张胆的
229,blazon,NOUN,纹章
230,blemish,ADJ,残疾
231,blight,NOUN,枯萎病
232,bliss,ADV,幸福
233,blithe,NOUN,快乐无忧的
234,blueprint,NOUN,蓝图
235,blunder,NOUN,错误
236,blunt,VERB,钝
237,blur,VERB,模糊
238,blurt,NOUN,突然说出
239,bluster,NOUN,咆哮
240,boggle,NOUN,犹豫
241,boisterous,ADJ,喧闹的
242,bolster,VERB,支持
243,bombast,NOUN,夸大的
244,bonhomie,NOUN,温和
245,boo,VERB,嘘
246,boon,NOUN,恩
247,boor,ADJ,不懂礼貌的人
248,bootless,NOUN,没穿鞋的
249,bound,VERB,绑定
250,boycott,NOUN,抵制
251,bracing,VERB,支撑
252,brake,NOUN,刹车
253,brash,NOUN,傲慢的
254,brassy,VERB,铜头高尔夫球棍
255,bravado,NOUN,虚张声势
256,bravura,NOUN,bravura
257,brazen,NOUN,厚颜无耻的
258,breach,NOUN,违反
259,brevity,NOUN,简洁
260,bribe,VERB,贿赂
261,bridle,NOUN,缰绳
262,brisk,ADJ,轻快的
263,bristle,INTJ,猪鬃
264,brittle,ADJ,脆
265,broach,NOUN,拉刀
266,bromide,ADP,溴化
267,brook,NOUN,布鲁克
268,browbeat,VERB,恫吓
269,bruit,NOUN,噪音
270,buck,NOUN,巴克
271,budge,VERB,让步
272,bulge,VERB,胀
273,bully,ADV,欺负
274,bumptious,ADJ,傲慢的
275,bungle,NOUN,失败
276,buoy,NOUN,浮标
277,buoyant,ADJ,活跃的
278,burgeon,NOUN,嫩枝
279,burlesque,ADJ,滑稽的
280,burnish,VERB,光泽
281,buttress,NOUN,支持
282,byzantine,VERB,拜占庭式的
283,cache,ADJ,隐藏
284,cachet,NOUN,图章
285,cacophony,ADJ,不和谐
286,cadge,NOUN,乞讨
287,cajole,VERB,cajole
288,calcify,VERB,钙化
289,calibrate,NOUN,校准
290,calligraphy,NOUN,书法
291,callous,ADJ,冷酷无情的
292,callow,VERB,年轻而无经验的
293,calumniate,VERB,诬蔑
294,camaraderie,NOUN,同志情谊
295,cameo,NOUN,浮雕
296,camouflage,NOUN,伪装
297,canard,ADV,鸭
298,candor,NOUN,坦率
299,canon,NOUN,炮
300,canvass,NOUN,游说
301,capitulate,VERB,投降
302,caprice,NOUN,随想曲
303,captivate,VERB,吸引
304,careworn,NOUN,饱经忧患的
305,cardinal,ADJ,红衣主教
306,caricature,NOUN,漫画
307,carnal,ADJ,carnal
308,carouse,VERB,一饮而尽
309,carp,VERB,鲤鱼
310,carve,VERB,雕刻
311,cast,VERB,投
312,castigate,VERB,苛评
313,catalyze,ADP,催化
314,catastrophe,NOUN,灾难
315,categorical,ADJ,分类
316,catholic,ADJ,天主教
317,caustic,ADJ,苛性
318,caveat,NOUN,警告
319,cavil,NOUN,无端的指责
320,cavort,NOUN,腾跃
321,cede,VERB,放弃
322,cement,NOUN,水泥
323,censor,VERB,审查
324,censorious,ADJ,挑剔的
325,censure,NOUN,检查处
326,census,NOUN,人口普查
327,cessation,NOUN,停止
328,chaff,NOUN,糠
329,chagrin,NOUN,忧愁
330,chameleon,NOUN,变色龙
331,champion,NOUN,冠军
332,chaos,NOUN,混乱
333,charade,VERB,伪装
334,charlatan,NOUN,江湖骗子
335,chary,ADJ,谨慎的
336,chase,NOUN,追逐
337,chasm,NOUN,鸿沟
338,chauvinistic,ADJ,沙文主义的
339,check,VERB,检查
340,cherubic,NOUN,无邪的
341,chicanery,NOUN,狡辩
342,chide,NOUN,斥责
343,choleric,ADJ,胆汁
344,chord,NOUN,和弦
345,chromatic,ADJ,彩色
346,chronic,ADJ,慢性
347,churl,INTJ,粗暴的人
348,cipher,NOUN,密码
349,circuitous,ADJ,迂回的
350,circumlocution,NOUN,婉转曲折的说法
351,circumscribe,NOUN,限制
352,circumspect,ADJ,谨慎
353,circumvent,NOUN,规避
354,civility,NOUN,礼貌
355,claim,NOUN,索赔
356,clandestine,ADJ,秘密
357,clarion,NOUN,号角
358,clarity,NOUN,清晰
359,clasp,VERB,扣
360,clement,NOUN,克莱门特
361,cliché,NOUN,印版
362,clog,NOUN,阻塞
363,clot,NOUN,凝块
364,cloudburst,NOUN,cloudburst
365,clout,NOUN,影响力
366,cloying,VERB,倒胃口的
367,clumsy,ADJ,笨手笨脚
368,coagulate,VERB,凝结
369,coalesce,NOUN,合并
370,coax,INTJ,哄
371,coda,NOUN,coda
372,coerce,NOUN,强迫
373,coeval,NOUN,同时代的人
374,cogent,NOUN,有说服力的
375,cognizant,ADJ,认识到
376,collapse,VERB,崩溃
377,collude,ADJ,勾结
378,colossal,NOUN,巨大的
379,coltish,VERB,不受拘束的
380,coma,NOUN,昏迷
381,combustible,ADJ,combustible
382,comely,ADV,清秀的
383,comity,NOUN,礼让
384,commencement,NOUN,开端
385,commend,VERB,赞扬
386,commensurate,VERB,相称的
387,commingle,VERB,混合
388,commitment,NOUN,承诺
389,committed,VERB,承诺
390,commodious,ADJ,宽敞的
391,commonsensical,ADJ,明白事理的
392,commotion,NOUN,骚动
393,compendium,NOUN,纲要
394,complacency,NOUN,自满
395,complaisance,NOUN,自满
396,compliant,ADJ,兼容的
397,compliment,NOUN,赞美
398,comply,VERB,遵守
399,compose,NOUN,组成
400,compound,NOUN,复合
401,compress,NOUN,压缩
402,compromise,NOUN,妥协
403,compunction,NOUN,内疚
404,concatenate,VERB,连接
405,concave,VERB,凹
406,conceal,VERB,隐藏
407,concede,VERB,承认
408,concentrate,VERB,集中注意力
409,concerted,VERB,协调一致的
410,conciliate,VERB,调解
411,concise,NOUN,简洁的
412,concord,NOUN,康科德
413,concur,NOUN,同意
414,condescending,VERB,有优越感的
415,condign,VERB,应得的
416,condole,NOUN,吊顶
417,condone,NOUN,宽恕
418,conducive,ADJ,有利
419,confident,ADJ,自信
420,confine,VERB,限制
421,confluence,NOUN,融合
422,confront,NOUN,面对
423,confound,X,混淆
424,congeal,ADJ,凝固
425,congenial,NOUN,意气相投的
426,congruent,NOUN,相等的
427,conjecture,NOUN,猜想
428,connive,ADJ,纵容
429,connoisseur,VERB,行家
430,conscientious,ADJ,有责任心的
431,consensus,NOUN,共识
432,consequence,NOUN,结果
433,conservative,ADJ,保守的
434,conservatory,ADJ,音乐学院
435,conserve,VERB,节约
436,considerable,ADJ,相当大的
437,console,NOUN,控制台
438,consolidate,VERB,巩固
439,consonant,ADJ,辅音
440,conspicuous,ADJ,引人注目的
441,conspire   ,VERB,密谋 
442,constitute,VERB,构成
443,constrain,VERB,限制
444,constringe,NOUN,压缩
445,construct,VERB,构造
446,consummate,VERB,完善
447,contagious,ADJ,会传染的
448,contaminate,ADJ,污染
449,content,NOUN,内容
450,contentious,ADJ,有争议的
451,contiguous,ADJ,连续的
452,contort,VERB,扭曲
453,contract,NOUN,合同
454,contravene,NOUN,违反
455,contrite,VERB,后悔的
456,contumacious,ADJ,不听命令的
457,conundrum,NOUN,难题
458,convalesce,NOUN,渐渐康复
459,convenience,NOUN,方便
460,convention,NOUN,公约
461,converge,VERB,收敛
462,conversant,NOUN,熟悉
463,convert,VERB,转换
464,convex,VERB,凸
465,convey,VERB,传达
466,conviction,NOUN,信念
467,convoke,NOUN,召集
468,convoluted,VERB,复杂的
469,convulsion,NOUN,痉挛
470,coop,NOUN,鸡笼
471,copious,ADJ,丰富的
472,coquette,NOUN,妖艳女人
473,cordon,VERB,带子
474,cornucopia,INTJ,丰饶的象征
475,coronation,NOUN,加冕
476,corporeal,NOUN,肉体的
477,corroborate,NOUN,证实了
478,corrosive,ADJ,腐蚀性
479,corrugated,VERB,波纹
480,cosmopolitan,ADJ,世界性的
481,cosset,NOUN,宠儿
482,countenance,NOUN,面容
483,counterfeit,ADJ,假冒
484,countermand,NOUN,取消
485,court,NOUN,法院
486,covert,ADJ,秘密
487,covetous,ADJ,贪婪的
488,cow,NOUN,牛
489,cowardice,NOUN,懦弱
490,cower,NOUN,畏缩
491,cozen,NOUN,欺骗
492,cramped,VERB,狭小的
493,crass,NOUN,粗鲁的
494,crave,NOUN,渴望
495,craven,VERB,克雷文
496,crease,NOUN,折痕
497,credence,NOUN,凭证
498,credulous,ADJ,轻信的
499,creek,NOUN,溪
500,creep,NOUN,蠕变
501,crescendo,NOUN,crescendo
502,crest,NOUN,佳洁士
503,crestfallen,VERB,垂头丧气的
504,cronyism,NOUN,任人唯亲
505,crook,NOUN,骗子
506,croon,NOUN,低吟
507,crouch,VERB,屈膝；蜷伏
508,crucial,ADJ,至关重要的
509,crumple,NOUN,起皱
510,crutch,VERB,拐杖
511,crux,NOUN,症结所在
512,cryptic,ADJ,神秘的
513,culpable,ADJ,culpable
514,cultivate,VERB,培养
515,cumbersome,ADJ,麻烦
516,cunning,VERB,狡猾的
517,curmudgeon,NOUN,脾气坏的人
518,cursory,NOUN,粗略的
519,curt,NOUN,curt
520,curtail,VERB,限制
521,cynic,ADJ,愤世嫉俗者
522,dabble,ADJ,玩水
523,daft,NOUN,愚蠢的
524,dais,VERB,dais
525,dally,ADV,轻率地对待
526,damper,NOUN,阻尼器
527,dandy,PROPN,花花公子
528,dank,VERB,潮湿的
529,dapper,NOUN,衣冠楚楚的
530,dappled,VERB,有斑点的
531,daredevil,NOUN,夜魔侠
532,dart,NOUN,飞镖
533,daunt,NOUN,使气馁
534,dawdle,VERB,蘑菇
535,deadpan,VERB,面无表情
536,dearth,NOUN,缺乏
537,debacle,NOUN,崩溃
538,debark,NOUN,登陆
539,debase,NOUN,降低
540,debilitate,NOUN,使衰弱
541,debris,NOUN,碎片
542,debunk,NOUN,揭穿
543,debut,NOUN,debut
544,decadence,NOUN,颓废
545,decant,ADJ,轻轻倒出
546,decipher,NOUN,解读
547,decode,VERB,解码
548,decorum,NOUN,礼仪
549,decrepit,INTJ,破旧的
550,default,NOUN,默认的
551,defer,VERB,推迟
552,deference,NOUN,顺从
553,deficiency,NOUN,缺乏
554,defile,NOUN,玷污
555,deft,VERB,灵巧的
556,defuse,VERB,化解
557,defy,VERB,藐视
558,dehydrate,VERB,脱水
559,deify,VERB,崇拜
560,deject,VERB,气馁的
561,deleterious,ADJ,有害的
562,deliberate,ADJ,深思熟虑的
563,delicacy,NOUN,美味
564,delirium,NOUN,精神错乱
565,delusion,NOUN,妄想
566,deluge,ADJ,洪水
567,delve,VERB,深入研究
568,demagogue,NOUN,煽动者
569,demanding,VERB,要求
570,demolition,NOUN,拆迁
571,demonstrate,VERB,演示
572,demoralize,VERB,使士气低落
573,demotic,ADJ,通俗的
574,demur,NOUN,提出异议
575,denigrate,NOUN,诋毁
576,denouement,NOUN,结局
577,denounce,NOUN,谴责
578,dent,ADJ,凹痕
579,denude,VERB,剥夺
580,deplete,NOUN,耗尽
581,deplore,VERB,谴责
582,deploy,VERB,部署
583,deportation,NOUN,驱逐出境
584,depose,VERB,推翻
585,deposit,NOUN,存款
586,depravity,NOUN,堕落
587,deprecate,VERB,反对
588,depreciate,NOUN,贬值
589,depressed,VERB,抑郁
590,deprivation,NOUN,剥夺
591,deracinate,VERB,根除
592,derelict,NOUN,废弃的
593,deride,VERB,嘲笑
594,derivative,NOUN,导数
595,descend,VERB,下
596,descendant,ADJ,后代
597,desecrate,VERB,亵渎
598,desiccate,VERB,变干
599,designate,ADJ,指定
600,despicable,ADJ,卑鄙的
601,despise,NOUN,鄙视
602,despotic,ADJ,专制的
603,desultory,NOUN,断断续续的
604,detach,VERB,分离
605,detain,NOUN,拘留
606,deter,NOUN,deter
607,deterioration,NOUN,恶化
608,detour,VERB,绕道
609,detract,VERB,影响
610,detritus,NOUN,碎屑
611,devoted,VERB,专门
612,devout,ADP,虔诚的
613,dexterous,ADJ,灵巧的
614,diabolic,NOUN,恶魔的
615,diaphanous,ADJ,精致的
616,diatribe,NOUN,谩骂
617,didactic,ADJ,说教的
618,diehard,VERB,顽固的
619,diffident,NOUN,缺乏自信的
620,diffuse,NOUN,传播
621,digress,NOUN,跑题了
622,dilapidate,VERB,荒废
623,dilate,ADJ,dilate
624,dilatory,ADJ,拖拉的
625,dilettante,NOUN,赁兴趣从事者
626,diligent,ADJ,勤奋的
627,dilute,VERB,稀释
628,diminish,VERB,减少
629,din,VERB,喧嚣
630,dingy,NOUN,昏暗的
631,diocesan,ADJ,教区
632,diplomatic,ADJ,外交
633,dire,ADJ,告诉
634,dirge,NOUN,挽歌
635,disabuse,NOUN,释疑
636,disaffected,VERB,愤愤不平的
637,disarm,VERB,解除
638,disarray,NOUN,混乱
639,disavow,VERB,否认
640,discern,X,辨别
641,discharge,NOUN,放电
642,disciple,INTJ,弟子
643,discombobulate,VERB,使泄气
644,discomfit,NOUN,扰乱
645,discommode,NOUN,使不方便
646,discompose,ADV,使不安
647,disconcert,VERB,使困惑
648,discord,NOUN,不和
649,discredit,ADP,败坏
650,discrepancy,NOUN,差异
651,discrete,ADJ,离散
652,discretion,NOUN,自由裁量权
653,discretionary,ADJ,可自由支配
654,discriminate,VERB,歧视
655,discursive,ADJ,散漫的
656,disdain,NOUN,鄙视
657,disengage,NOUN,中解脱出来
658,disgorge,VERB,吐出
659,disgruntle,VERB,disgruntle
660,disguise,VERB,伪装
661,disinclination,NOUN,不感兴趣
662,disinfect,VERB,消毒
663,disjointed,VERB,脱节的
664,disinter,VERB,掘出
665,disinterested,VERB,无私的
666,disjunctive,ADJ,析取
667,dismantle,NOUN,拆除
668,dismay,VERB,沮丧
669,disparage,NOUN,贬低
670,disparate,ADJ,disparate
671,dispassionate,NOUN,冷静的
672,dispatch,NOUN,调度
673,dispose,VERB,有
674,disregard,NOUN,不顾
675,dissect,VERB,解剖
676,dissemble,ADJ,掩饰
677,disseminate,VERB,传播
678,dissension,NOUN,纠纷
679,dissent,NOUN,异议
680,dissipate,VERB,消散
681,dissolute,NOUN,放荡的
682,dissolve,NOUN,溶解
683,dissonance,NOUN,失调
684,dissuade,VERB,劝阻
685,distain,NOUN,鄙视
686,distal,ADJ,远端
687,distend,NOUN,膨胀
688,distill,VERB,蒸馏
689,distort,NOUN,扭曲
690,distract,VERB,分散
691,distraught,ADJ,心烦意乱的
692,diurnal,ADJ,日
693,diverge,X,持
694,diversity,NOUN,多样性
695,divert,VERB,转移
696,divestiture,NOUN,剥离
697,divulge,NOUN,泄露
698,dodder,NOUN,菟丝子
699,dodge,VERB,道奇
700,doff,NOUN,脱
701,dogged,VERB,顽强的
702,dogma,NOUN,教条
703,doldrums,NOUN,低迷
704,dolorous,ADJ,忧伤的
705,dolt,NOUN,呆子
706,domicile,NOUN,住所
707,dominant,ADJ,占主导地位的
708,don,NOUN,捐赠
709,donor,NOUN,捐赠
710,doodle,VERB,涂鸦
711,dormant,ADJ,休眠
712,dour,ADJ,沉默寡言的
713,douse,NOUN,扑灭
714,downplay,NOUN,淡化
715,downpour,INTJ,倾盆大雨
716,doyen,NOUN,老前辈
717,doze,NOUN,doze
718,draconian,ADJ,严厉的
719,drawl,NOUN,慢吞吞地说
720,dreary,ADJ,沉闷的
721,drench,VERB,淋
722,drivel,VERB,说傻话
723,drizzle,NOUN,小雨
724,droll,NOUN,滑稽可笑的人
725,drone,ADJ,无人驾驶飞机
726,drudgery,NOUN,苦差事
727,dubious,ADJ,可疑的
728,ductile,VERB,韧性
729,dulcet,VERB,美妙的
730,dullard,ADV,笨蛋
731,dupe,PROPN,受骗的
732,duplicity,NOUN,表里不一
733,dwindle,NOUN,减少
734,dyspeptic,ADJ,消化不良的
735,earnest,ADJ,认真的
736,earshot,NOUN,听力所及之范围
737,earsplitting,VERB,震耳欲聋的
738,eavesdrop,VERB,窃听
739,ebullient,ADJ,热情洋溢的
740,eccentric,ADJ,偏心
741,éclat,INTJ,光芒
742,eclipse,NOUN,eclipse
743,ecstasy,NOUN,狂喜
744,ecumenical,ADJ,大公
745,edible,ADJ,可食用的
746,edifice,NOUN,大厦
747,efface,NOUN,抹去
748,effervesce,NOUN,泡腾
749,effete,NOUN,疲惫的
750,effluvium,NOUN,臭气
751,effrontery,NOUN,厚颜无耻
752,effulgent,NOUN,光辉灿烂的
753,effusive,ADJ,热情洋溢
754,egalitarian,ADJ,平等主义的
755,egoistic,ADJ,自我中心的
756,elaborate,ADJ,精心制作的
757,elastic,ADJ,弹性
758,elate,VERB,得意的
759,eleemosynary,INTJ,eleemosynary
760,elegy,NOUN,挽歌
761,elephantine,NOUN,笨拙的
762,elevate,VERB,提升
763,elicit,ADJ,引起
764,elliptical,ADJ,椭圆
765,elucidate,VERB,阐明
766,emaciate,VERB,使消瘦
767,emancipate,NOUN,解放
768,embargo,NOUN,embargo
769,embark,NOUN,开始
770,embarrass,NOUN,难堪
771,embed,VERB,嵌入
772,embezzle,VERB,挪用
773,embolden,VERB,鼓励
774,emboss,NOUN,浮雕
775,embrace,NOUN,拥抱
776,embroider,ADV,绣花
777,emigrate,VERB,移民
778,eminent,ADJ,杰出的
779,emollient,NOUN,润肤剂
780,emulate,VERB,模仿
781,enact,VERB,制定
782,enamel,NOUN,搪瓷
783,encomium,NOUN,赞美
784,encompass,VERB,包含
785,encumber,NOUN,拖累
786,endemic,ADJ,流行
787,endorse,VERB,支持
788,enervate,NOUN,无力的
789,enfranchise,NOUN,解放
790,engender,VERB,产生
791,engross,ADJ,用大字体书写
792,enigma,NOUN,enigma
793,enlighten,VERB,启发
794,enmity,NOUN,敌意
795,ennoble,ADJ,授予爵位
796,ennui,NOUN,烦恼
797,ensemble,ADJ,合计
798,ensconce,NOUN,安顿下来
799,ensue,NOUN,随之而来
800,entangle,NOUN,缠绕
801,enthusiasm,NOUN,热情
802,entice,NOUN,吸引
803,entrance,NOUN,入口
804,entrap,NOUN,欺骗
805,entreat,NOUN,恳求
806,enunciate,VERB,发音
807,ephemeral,ADJ,短暂的
808,epic,NOUN,史诗
809,epicure,NOUN,美食家
810,epigram,NOUN,警句
811,epilogue,NOUN,后记
812,epithet,NOUN,绰号
813,epitomize,VERB,概括
814,equable,ADJ,平静的
815,equity,NOUN,股本
816,equivalent,ADJ,等效
817,equivocate,VERB,说模棱两可的话
818,erode,VERB,侵蚀
819,errant,NOUN,游荡的
820,erratic,ADJ,不稳定的
821,erudite,ADJ,博学的
822,escalate,VERB,升级
823,eschew,PUNCT,避开
824,esoteric,ADJ,深奥的
825,espouse,VERB,支持
826,esteem,NOUN,尊重
827,estimable,ADJ,可尊敬的
828,estrange,VERB,使疏远
829,etch,NOUN,腐蚀
830,eternal,ADJ,永恒的
831,ethereal,ADV,飘渺的
832,ethics,NOUN,道德
833,eulogize,VERB,颂扬
834,euphemism,NOUN,委婉语
835,euphonious,ADJ,悦耳的
836,euphoria,NOUN,兴奋
837,evacuate,VERB,疏散
838,evanescent,NOUN,逐渐消失的
839,evasive,ADJ,逃避
840,everlasting,VERB,永恒的
841,evict,NOUN,驱逐
842,evince,NOUN,表明
843,evoke,NOUN,唤起
844,exacerbate,ADJ,加剧
845,exacting,VERB,严格的
846,exalt,NOUN,高举
847,exasperate,VERB,激怒
848,excavate,ADJ,挖掘
849,exceptional,ADJ,异常
850,excoriate,NOUN,严厉的责难
851,excrete,VERB,排泄
852,excruciate,VERB,使苦恼
853,exculpate,NOUN,开脱
854,excursive,ADJ,散漫的
855,execrate,VERB,诅咒
856,exemplary,ADJ,模范
857,exempt,ADJ,免除
858,exhaust,NOUN,排气
859,exhilarate,ADJ,使高兴
860,exhort,NOUN,劝
861,exigent,NOUN,要求
862,exodus,NOUN,《出埃及记》
863,exonerate,VERB,天灾
864,exorbitant,ADJ,过高的
865,exotic,ADJ,异国情调的
866,expansive,ADJ,广阔的
867,expedite,VERB,加快
868,expedition,NOUN,探险
869,expiate,ADJ,赎罪
870,expire,VERB,到期
871,explicit,ADJ,显式的
872,exploit,VERB,利用
873,exponent,NOUN,指数
874,expurgate,VERB,删除
875,exquisite,ADJ,精致的
876,extant,ADJ,现存的
877,extemporize,NOUN,临时凑合
878,extenuate,ADJ,使人原谅
879,extinct,ADJ,已经灭绝的
880,extinguish,ADJ,扑灭
881,extol,VERB,赞美
882,extort,NOUN,敲诈
883,extract,VERB,提取
884,extraction,NOUN,提取
885,extraneous,ADJ,无关的
886,extravagant,ADJ,奢侈的
887,extricate,VERB,解救
888,exuberant,ADJ,旺盛的
889,exude,VERB,散发出
890,exult,NOUN,欢乐
891,fable,ADJ,寓言
892,fabricate,VERB,制造
893,facetious,ADJ,滑稽的
894,facile,ADJ,容易
895,facilitate,NOUN,促进
896,faction,NOUN,派系
897,fallacious,ADJ,谬误的
898,fallow,VERB,休耕的
899,fail-safe,VERB,自动防故障装置
900,falsehood,NOUN,谎言
901,falter,NOUN,动摇
902,fanatic,ADJ,狂热分子
903,fantasy,NOUN,幻想
904,farce,NOUN,闹剧
905,fascinate,VERB,吸引
906,fast,ADV,快
907,fastidious,ADJ,挑剔的
908,fateful,ADJ,决定命运的
909,fathom,X,理解
910,fatigue,NOUN,疲劳
911,fatuous,ADJ,愚昧的
912,faultfinder,NOUN,吹毛求疵的人
913,favorable,ADJ,有利的
914,fawn,ADJ,小鹿
915,faze,NOUN,faze
916,feckless,NOUN,不负责任的
917,fecund,NOUN,多产的
918,feeble,ADJ,微弱的
919,feign,ADJ,假装
920,fender,NOUN,芬达
921,feral,ADJ,野性
922,fertilize,VERB,施肥
923,fervid,ADJ,热的
924,fervor,NOUN,fervor
925,fester,NOUN,溃烂
926,fetid,NOUN,恶臭的
927,fetter,NOUN,羁绊
928,fiasco,NOUN,惨败
929,fickle,ADJ,变化无常的
930,fictitious,ADJ,虚构的
931,fidelity,NOUN,忠诚
932,figurative,ADJ,比喻
933,figurine,NOUN,小雕像
934,filibuster,NOUN,阻挠议事的行动
935,filter,NOUN,过滤器
936,finale,NOUN,最后
937,finesse,NOUN,精明
938,finicky,VERB,过分讲究的
939,flaccid,NOUN,弛缓性
940,flag,NOUN,国旗
941,flamboyant,ADJ,艳丽的
942,flatter,ADJ,平
943,flaw,NOUN,缺陷
944,fledgling,NOUN,羽翼未丰
945,fleet,NOUN,舰队
946,flexible,ADJ,灵活的
947,flinch,NOUN,退缩
948,flippancy,NOUN,轻率
949,flirt,NOUN,调情
950,flit,NOUN,轻快的
951,flock,NOUN,群
952,florid,NOUN,绚丽的
953,flounder,NOUN,比目鱼
954,flourish,VERB,蓬勃发展
955,flout,NOUN,无视
956,fluctuate,VERB,波动
957,fluent,ADJ,流利的
958,fluky,VERB,不可靠的
959,flush,ADJ,冲洗
960,fluster,NOUN,慌慌张张的
961,foible,ADJ,小缺点
962,foil,NOUN,箔
963,foment,NOUN,煽动
964,foolproof,NOUN,简单明了的
965,footloose,VERB,自由自在的
966,forbearance,NOUN,忍耐
967,forebear,VERB,祖先
968,forestall,NOUN,阻止
969,foreword,NOUN,前言
970,forge   ,VERB,打造 
971,formidable,ADJ,强大的
972,forthright,VERB,直率的
973,fortify,VERB,巩固
974,foster,ADJ,福斯特
975,founder,NOUN,创始人
976,fracas,NOUN,fracas
977,fracture,NOUN,骨折
978,fragile,ADJ,脆弱的
979,frail,NOUN,虚弱的
980,fraudulent,ADJ,欺诈
981,fraught,INTJ,令人担忧的
982,frenzy,NOUN,疯狂
983,frequent,ADJ,频繁的
984,fretful,ADJ,焦躁不安的
985,friable,ADJ,易碎的
986,friction,NOUN,摩擦
987,frigid,ADJ,寒冷的
988,fringe,NOUN,边缘
989,frivolous,ADJ,无聊的
990,frothy,ADJ,泡沫
991,frowsy,NOUN,不整洁的
992,frugal,ADJ,节俭的
993,frustrate,VERB,阻挠
994,full-bodied,ADJ,浓郁的
995,fulminate,VERB,雷酸盐
996,fumble,ADJ,摸索
997,furor,NOUN,狂热
998,furtive,ADJ,鬼鬼祟祟的
999,fury,NOUN,愤怒
1000,fussy,ADJ,挑剔的
1001,fusty,NOUN,发霉的
1002,futile,ADJ,徒劳的
1003,gadfly,NOUN,牛虻
1004,gaffe,NOUN,挠钩
1005,gainsay,NOUN,否定
1006,gall,NOUN,胆
1007,gallant,ADJ,勇敢的
1008,galvanize,VERB,激励
1009,gamble,X,赌博
1010,gambol,NOUN,嬉戏
1011,gangly,ADV,身材瘦长的
1012,garble,ADJ,断章取义
1013,gargantuan,ADJ,庞大的
1014,garish,VERB,过分装饰的
1015,garment,NOUN,服装
1016,garrulous,ADJ,喋喋不休的
1017,gash,NOUN,裂缝
1018,gasification,NOUN,气化
1019,gauche,ADJ,左
1020,gaudy,VERB,俗丽的
1021,gauge,NOUN,计
1022,gear,NOUN,齿轮
1023,genial,ADJ,genial
1024,genteel,ADJ,上流社会的
1025,germane,NOUN,有密切关系的
1026,gibe,NOUN,嘲笑
1027,giddy,ADJ,头晕
1028,gild,VERB,镀金
1029,gist,NOUN,要点
1030,gladiator,NOUN,《角斗士》
1031,glaze,X,釉
1032,glib,VERB,口齿伶俐的
1033,glisten,VERB,闪耀
1034,glitch,VERB,故障
1035,gloat,NOUN,幸灾乐祸
1036,gloomy,VERB,悲观的
1037,gloss,ADJ,光泽
1038,glossy,ADJ,光滑的
1039,glut,NOUN,过剩
1040,glutinous,ADJ,糯米
1041,glutton,NOUN,贪吃的人
1042,goad,NOUN,刺激
1043,gobble,ADJ,狼吞虎咽
1044,goggle,NOUN,夜视镜
1045,goldbrick,VERB,偷懒
1046,gorge,X,咽喉
1047,gossamer,NOUN,轻飘飘的
1048,gourmand,VERB,美食家
1049,gourmet,NOUN,美食
1050,grandeur,NOUN,宏伟
1051,grandiloquent,NOUN,夸张的
1052,grandiose,VERB,宏伟的
1053,grandstand,NOUN,看台上的
1054,grate,ADJ,炉篦
1055,gratify,VERB,满足
1056,gratuitous,ADJ,免费的
1057,green,ADJ,绿色
1058,gregarious,ADJ,群居的
1059,grieve,VERB,悲伤
1060,grimace,VERB,装腔作势
1061,grin,NOUN,露齿而笑
1062,gripe,NOUN,gripe
1063,grisly,ADV,可怕的
1064,groove,VERB,槽
1065,grotesque,ADJ,怪诞
1066,grovel,VERB,趴
1067,grueling,VERB,折磨人的
1068,guile,NOUN,诡计
1069,guilt,NOUN,内疚
1070,gull ,ADJ,海鸥 
1071,gullible,ADJ,易受骗的
1072,gush,VERB,喷
1073,gust,NOUN,阵风
1074,guzzle,VERB,狂饮
1075,hack,VERB,黑客
1076,hackneyed,VERB,平庸的
1077,halcyon,INTJ,宁静的
1078,hale,NOUN,黑尔
1079,half-baked,ADJ,不成熟的
1080,hallmark,NOUN,标志
1081,hallow,ADV,圣徒
1082,hallucination,NOUN,幻觉
1083,ham-handed,NOUN,笨手笨脚的
1084,hammer,NOUN,锤
1085,hamper,NOUN,阻碍
1086,hamstring,VERB,腿筋
1087,hangdog,NOUN,卑微的人
1088,hanker,NOUN,渴望
1089,haphazard,INTJ,偶然的
1090,harangue,ADJ,长篇大论
1091,harass,NOUN,骚扰
1092,harbinger,NOUN,预兆
1093,harbor,VERB,港
1094,hard-bitten,ADV,不屈服的
1095,hardy,ADJ,哈代
1096,harmonious,ADJ,和谐
1097,harness,NOUN,利用
1098,harrow,NOUN,哈罗公学
1099,harry,NOUN,哈利
1100,harsh,ADJ,严厉的
1101,hasten,VERB,加速
1102,hasty,ADJ,匆忙的
1103,haunt,INTJ,困扰
1104,hauteur,NOUN,高明
1105,haven,NOUN,还
1106,havoc,NOUN,造成严重破坏
1107,headlong,ADJ,轻率的
1108,hearken,VERB,听
1109,hearten,VERB,振作
1110,heartrending,NOUN,令人心碎的
1111,hedonism,NOUN,享乐主义
1112,hegemony,NOUN,霸权
1113,heinous,ADJ,令人发指的
1114,hew,VERB,凿
1115,herald,NOUN,先驱报》
1116,heresy,NOUN,异端
1117,heretical,ADJ,异端邪说
1118,hermetic,ADJ,不透气的
1119,hesitance,NOUN,犹豫
1120,heterodox,NOUN,非正统的
1121,hidebound,NOUN,墨守成规的
1122,hideous,ADJ,可怕的
1123,hie,INTJ,快走
1124,hike,INTJ,徒步旅行
1125,hilarious,ADJ,非常滑稽的
1126,histrionic,NOUN,表演的
1127,hive,ADJ,蜂巢
1128,hoard,NOUN,囤积
1129,hoary,ADJ,古老的
1130,hoax,VERB,骗局
1131,hodgepodge,VERB,大杂烩
1132,homage,NOUN,致敬
1133,homely,ADV,不好看的
1134,homily,ADV,说教
1135,homogenize,VERB,同质化
1136,hone,NOUN,磨练
1137,hoodwink,VERB,欺骗
1138,hortative,ADJ,奖励的
1139,hovel,NOUN,小屋
1140,hubris,NOUN,狂妄自大
1141,humble,ADJ,卑微的
1142,humility,NOUN,谦卑
1143,humor,NOUN,幽默
1144,hurricane,NOUN,飓风
1145,husband,NOUN,丈夫
1146,husk,NOUN,皮
1147,husky,ADJ,沙哑的
1148,hybrid,NOUN,混合动力
1149,hymn,NOUN,赞美诗
1150,hyperbole,NOUN,夸张
1151,hypnotic,ADJ,催眠
1152,hypocritical,ADJ,虚伪的
1153,iconoclast,NOUN,偶像破坏者
1154,idolatrize,VERB,盲目崇拜
1155,idyll,NOUN,田园生活
1156,ignite,VERB,点燃
1157,ignominy,ADJ,耻辱
1158,illiteracy,NOUN,文盲
1159,illuminati,NOUN,illuminati
1160,illuminate,VERB,照亮
1161,illusory,NOUN,虚幻的
1162,imbibe,NOUN,吸收
1163,imbroglio,NOUN,纠葛
1164,imitation,NOUN,模仿
1165,immaculate,ADJ,完美无暇的
1166,immanent,NOUN,内在的
1167,immaterial,ADJ,非物质的
1168,immature,ADJ,不成熟的
1169,immemorial,ADJ,远古的
1170,immune,ADJ,免疫
1171,immure,ADJ,监禁
1172,immutable,ADJ,不可变的
1173,impassive,ADJ,冷漠的
1174,impeccable,ADJ,无可挑剔的
1175,impecunious,ADJ,贫穷的
1176,impede,VERB,impede
1177,impending,VERB,即将到来的
1178,impenetrable,ADJ,令人费解的
1179,impenitent,ADJ,不知悔改的
1180,imperative,ADJ,必要的
1181,imperial,ADJ,帝国
1182,imperious,ADJ,专横的
1183,impertinent,ADJ,不恰当的
1184,imperturbable,ADJ,imperturbable
1185,impervious,ADJ,不透水
1186,impetuous,ADJ,冲动的
1187,impious,ADJ,不虔诚的
1188,implacable,ADJ,implacable
1189,implement,VERB,实现
1190,implode,VERB,内爆
1191,imposing,VERB,实施
1192,importune,NOUN,纠缠不休的
1193,impostor,NOUN,骗子
1194,impotent,ADJ,无能为力
1195,imprecise,NOUN,不精确的
1196,impromptu,ADJ,即兴
1197,improvise,ADJ,即兴创作
1198,imprudent,NOUN,轻率的
1199,impudent,ADJ,放肆无礼的
1200,impugn,ADJ,责难
1201,impuissance,NOUN,阳萎
1202,inadvertent,ADJ,无意中做的
1203,inalienable,ADJ,不可剥夺的
1204,inane,ADJ,空洞的
1205,inanimate,NOUN,无生命的
1206,inaugurate,VERB,举行就职典礼
1207,incandescent,NOUN,白炽
1208,incantation      ,NOUN,咒语 
1209,incarnate,VERB,的化身
1210,incendiary,ADJ,煽动性的
1211,incense,NOUN,香
1212,inception,NOUN,《盗梦空间》
1213,incessant,ADJ,不断的
1214,inch,NOUN,英寸
1215,inchoate,VERB,早期
1216,incinerate,ADJ,烧成灰
1217,incipient,ADJ,初期的
1218,incite,VERB,incite
1219,inclement,NOUN,恶劣
1220,incogitant,ADJ,粗心的
1221,incongruent,NOUN,不一致
1222,inconsequential,ADJ,无关紧要的
1223,incontrovertible,ADJ,无可争议的
1224,incorrigible,ADJ,无可救药的
1225,incriminate,VERB,控告
1226,incubate    ,VERB,孵化 
1227,inculpate,VERB,控告
1228,incursion,NOUN,突入
1229,indelible,ADJ,不可磨灭的
1230,indemnity,NOUN,赔偿
1231,indict,NOUN,起诉
1232,indifferent,ADJ,冷漠
1233,indigenous,ADJ,土著
1234,indigent,NOUN,贫困的
1235,indispensable,ADJ,不可缺少的
1236,indoctrinate,VERB,灌输
1237,indolent,ADJ,萎靡不振的
1238,inducement,ADJ,诱因
1239,indulgent,NOUN,放纵的
1240,indurate,VERB,冷酷的
1241,industrious,ADJ,勤劳的
1242,ineffable,ADJ,不可言喻的
1243,ineluctable,ADJ,不可避免的
1244,inept,ADJ,无能的
1245,inert,VERB,惰性
1246,inevitable,ADJ,不可避免的
1247,inexorable,ADJ,不可阻挡的
1248,infamous,ADJ,臭名昭著的
1249,infatuate,NOUN,使冲昏头脑
1250,inferno,NOUN,inferno
1251,infiltrate,VERB,渗透
1252,infinite,VERB,无限
1253,infirm,NOUN,意志薄弱的
1254,inflame,NOUN,点燃
1255,infelicitous,ADJ,不吉利的
1256,influx,VERB,涌入
1257,infuse,VERB,注入
1258,infuriate,VERB,激怒
1259,ingenious,ADJ,巧妙的
1260,ingenuity,NOUN,聪明才智
1261,ingenuous,ADJ,天真的
1262,ingest,VERB,摄取
1263,ingrained,VERB,根深蒂固的
1264,ingratiating,VERB,吸引人的
1265,inherent,ADJ,固有的
1266,inimical,ADJ,有害的
1267,inimitable,ADJ,独特的
1268,iniquity,NOUN,罪孽
1269,initiate,VERB,启动
1270,inkling,VERB,暗示
1271,innocuous,ADJ,无害的
1272,innovative,ADJ,创新
1273,inquisitive,ADJ,好奇的
1274,insensible,ADJ,insensible
1275,insensitive,ADJ,不敏感
1276,insentient,ADJ,无知觉的
1277,insight,NOUN,洞察力
1278,insipid,ADJ,平淡
1279,insolent,NOUN,傲慢的
1280,insouciant,NOUN,逍遥自在
1281,instate,VERB,任命
1282,instigate,VERB,煽动
1283,instill,NOUN,灌输
1284,institute,NOUN,研究所
1285,insubordinate,VERB,不听话的
1286,insular,ADJ,insular
1287,insulate,VERB,隔离
1288,insurgent,NOUN,叛乱分子
1289,intangible,ADJ,无形
1290,integral,ADJ,积分
1291,integrity,NOUN,完整性
1292,intelligible,ADJ,可理解的
1293,intemperate,ADJ,放纵的
1294,intensify,VERB,加强
1295,inter,VERB,inter
1296,intercessor,VERB,调解人
1297,interdict,NOUN,阻断
1298,interim,VERB,临时
1299,interlock,NOUN,联锁
1300,interminable,ADJ,没完没了的
1301,intermittent,ADJ,断断续续的
1302,interregnum,ADJ,过渡期
1303,interrogate,VERB,询问
1304,intimate,VERB,亲密的
1305,intimidate,VERB,恐吓
1306,intoxicant,NOUN,醉人的
1307,intransigent,NOUN,不妥协的
1308,intrepid,ADJ,勇敢的
1309,intrigue,NOUN,阴谋
1310,intrinsic,ADJ,内在
1311,intuitive,ADJ,直观的
1312,inundate,VERB,淹没
1313,inure,NOUN,起作用
1314,invective,ADJ,谩骂
1315,inveigh,VERB,猛烈抨击
1316,inveigle,NOUN,诱骗
1317,inventory,NOUN,库存
1318,inveterate,VERB,根深蒂固的
1319,invidious,ADJ,不公平的
1320,invigorate,VERB,使精力充沛
1321,invincible,ADJ,不可战胜的
1322,invoke,VERB,调用
1323,irascible,ADJ,暴躁的
1324,irate,VERB,愤怒的
1325,iridescent,NOUN,彩虹色的
1326,irk,VERB,惹恼
1327,ironclad,VERB,打不破的
1328,irradicable,ADJ,不能根除的
1329,irreducible,ADJ,不可约
1330,irrigate,ADJ,灌溉
1331,irritate,VERB,刺激
1332,issue,NOUN,问题
1333,jabber,NOUN,jabber
1334,jaded,VERB,厌倦
1335,jape,NOUN,开玩笑
1336,jargon,NOUN,术语
1337,jarring,VERB,不和谐的
1338,jaundice,NOUN,黄疸
1339,jaunty,PROPN,洋洋得意的
1340,jejune,NOUN,枯燥无味的
1341,jettison,NOUN,抛弃
1342,jeopardy,NOUN,危险
1343,jest,ADJ,开玩笑
1344,jibe,VERB,嘲笑
1345,jingoist,NOUN,沙文主义的
1346,jitters,NOUN,恐慌
1347,jocular,NOUN,爱开玩笑的
1348,jocund,NOUN,快活的
1349,jog,NOUN,慢跑
1350,jolt,NOUN,震动
1351,jot,VERB,记
1352,jovial,ADJ,jovial
1353,jubilant,NOUN,欢欣鼓舞的
1354,judicious,ADJ,明智的
1355,juggernaut,NOUN,强大的破坏力
1356,ken,NOUN,肯
1357,kidnap,VERB,绑架
1358,kindle,VERB,kindle
1359,kindred,VERB,家族
1360,knack,VERB,诀窍
1361,knead,VERB,揉
1362,knit,VERB,针织
1363,knotty,PROPN,棘手的
1364,kudos,NOUN,荣誉
1365,labile,ADJ,不稳定
1366,laborious,ADJ,艰苦的
1367,labyrinthine,NOUN,迷宫一样的
1368,lacerate,VERB,受折磨的
1369,lackluster,ADJ,乏善足陈
1370,laconic,NOUN,简洁的
1371,lachrymose,ADJ,爱哭的
1372,lambaste,NOUN,严责
1373,lament,NOUN,哀叹
1374,lamentable,ADJ,可悲的
1375,lampoon,NOUN,讽刺
1376,languid,ADJ,慵懒的
1377,languish,VERB,憔悴
1378,languor,ADJ,疲倦
1379,lank,NOUN,长而柔软的
1380,lapse,NOUN,失效
1381,largesse,X,慷慨
1382,lash,VERB,睫毛
1383,lassitude,NOUN,疲劳
1384,latent,NOUN,潜在的
1385,latitude,NOUN,纬度
1386,laudatory,ADJ,赞美的
1387,lavish,ADJ,奢华的
1388,leaven,ADV,酵
1389,leer,NOUN,leer
1390,leery,ADJ,狡猾的
1391,legacy,NOUN,遗产
1392,legend,NOUN,传说
1393,legion,NOUN,军团
1394,lenient,ADJ,宽容
1395,lethal,ADJ,致命的
1396,lethargic,ADJ,昏昏欲睡
1397,levelheaded,VERB,头脑冷静的
1398,levity,NOUN,轻浮
1399,liability,NOUN,责任
1400,liberal,ADJ,自由
1401,libertine,NOUN,浪荡子
1402,licentious,ADJ,放肆的
1403,liken,VERB,像
1404,limber,NOUN,做准备活动
1405,limp,ADJ,跛行
1406,limpid,NOUN,清澈的
1407,linger,NOUN,徘徊
1408,lissome,INTJ,柔软的
1409,list,NOUN,列表
1410,lithe,INTJ,轻盈的
1411,loath,NOUN,不
1412,loathe,NOUN,讨厌
1413,lofty,ADJ,崇高的
1414,loll,NOUN,懒洋洋地倚靠
1415,lopsided,VERB,不平衡
1416,loquacious,ADJ,多话的
1417,loutish,VERB,粗野的
1418,lubricate,VERB,润滑
1419,lucid,ADJ,清醒
1420,lug   ,VERB,耳 
1421,lugubrious,ADJ,悲哀的
1422,lull,NOUN,间歇
1423,lullaby,VERB,摇篮曲
1424,lumber,NOUN,木材
1425,luminary,ADJ,知识渊博的人
1426,lurch,NOUN,倾斜
1427,lurk,NOUN,潜伏
1428,lush,ADJ,郁郁葱葱的
1429,lustrous,ADJ,有光泽的
1430,luxurious,ADJ,豪华的
1431,lyric,NOUN,歌词
1432,macabre,NOUN,可怕的
1433,macerate,NOUN,浸渍
1434,maculate,VERB,有污点的
1435,maelstrom,ADP,大漩涡
1436,magnificent,ADJ,华丽的
1437,maladroit,NOUN,笨拙
1438,malaise,NOUN,不适
1439,malcontent,NOUN,不满现状的人
1440,malicious,ADJ,恶意的
1441,malign,ADJ,恶性
1442,malinger,NOUN,装病以逃避职责
1443,malleable,ADJ,可塑的
1444,malodorous     ,ADJ,有 恶臭 的 
1445,mandatory,ADJ,强制性的
1446,mangle,NOUN,乱砍
1447,mangy,NOUN,肮脏的
1448,mania,NOUN,躁狂
1449,manifest,NOUN,清单
1450,manipulate,VERB,操作
1451,mannered,VERB,守规矩的
1452,manumit,VERB,释放
1453,manuscript,NOUN,手稿
1454,mar,X,mar
1455,marsh,VERB,沼泽
1456,martinet,NOUN,martinet
1457,marvel,NOUN,奇迹
1458,masquerade,ADJ,化妆舞会
1459,mash,NOUN,土豆泥
1460,mastery,NOUN,掌握
1461,matriculate,VERB,录取
1462,maudlin,NOUN,伤感
1463,maven,VERB,maven
1464,maverick,VERB,特立独行的
1465,mawkish,NOUN,令人作呕的
1466,meager,NOUN,微薄的
1467,mean,VERB,的意思是
1468,meander,NOUN,漫步
1469,measly,ADV,少得可怜的
1470,measured,VERB,测量
1471,meddle,NOUN,干涉
1472,mediate,VERB,调解
1473,mediocre,ADJ,平庸的
1474,medley,NOUN,混合泳
1475,meek,NOUN,温顺的
1476,meet,VERB,满足
1477,mellifluous,ADJ,流畅的
1478,melodramatic,ADJ,夸张的
1479,menace,NOUN,威胁
1480,mendacious,ADJ,虚假的
1481,mentor   ,NOUN,导师 
1482,mercenary,ADJ,雇佣兵
1483,mercurial,ADJ,水银
1484,merited,VERB,理所当然的
1485,mesh,VERB,网
1486,mesmeric,NOUN,催眠术的
1487,metamorphose,VERB,变质
1488,metaphysical,ADJ,形而上学的
1489,meteoric,ADJ,陨石
1490,methodical,ADJ,有条不紊的
1491,meticulous,ADJ,一丝不苟的
1492,mettle,NOUN,勇气
1493,miff,VERB,小争执
1494,migratory,ADJ,迁徙
1495,milk,NOUN,牛奶
1496,mime,NOUN,mime
1497,mimic    ,PROPN,模仿 
1498,minatory,ADJ,威胁
1499,mince,NOUN,矫揉做作地说
1500,mingle,NOUN,打成一片
1501,minimize,VERB,最小 化
1502,mint,NOUN,薄荷
1503,miniscule,ADJ,小字体的
1504,minute,NOUN,一分钟
1505,minutia,NOUN,细节
1506,mirage,NOUN,海市蜃楼
1507,mire,NOUN,mire
1508,mirth,NOUN,欢笑
1509,misanthropic,ADJ,厌恶人类的
1510,misbehaving,VERB,行为不端的
1511,mischievous,ADJ,淘气的
1512,misconstrue,NOUN,误解
1513,miscreant,NOUN,极恶的
1514,misdemeanor,NOUN,轻罪
1515,miserly,ADV,吝啬的
1516,misfortune,NOUN,不幸
1517,misgiving,VERB,疑虑
1518,mishap,NOUN,事故
1519,misrepresent,NOUN,歪曲
1520,mite,NOUN,螨
1521,mitigate,VERB,减轻
1522,mobile,NOUN,移动
1523,mockery,NOUN,嘲笑
1524,moderate,ADJ,温和的
1525,modicum,ADJ,一点点
1526,mollify,VERB,安抚
1527,mollycoddle,NOUN,女性化的男人
1528,molt,NOUN,换毛期
1529,momentous,ADJ,重大的
1530,momentum,NOUN,动力
1531,mongrel,NOUN,杂种
1532,monochromatic,ADJ,单色
1533,monologue,NOUN,独白
1534,monotonous,ADJ,单调的
1535,montage    ,NOUN,剪辑
1536,moratorium,NOUN,暂停
1537,morbid,NOUN,病态的
1538,mordant,NOUN,有腐蚀性的
1539,moribund,ADJ,垂死的
1540,morose,NOUN,郁闷的
1541,mosaic,ADJ,马赛克
1542,mosque,NOUN,清真寺
1543,moth-eaten,NOUN,过时的
1544,motile,ADJ,能动的
1545,motivate,VERB,激励
1546,motley,INTJ,马特里
1547,mottle,NOUN,斑点
1548,motto,NOUN,的座右铭
1549,mournful,ADJ,悲哀的
1550,movement,NOUN,运动
1551,muddy,ADJ,泥泞的
1552,muffle,NOUN,发低沉的声音
1553,mulish,ADJ,执拗的
1554,mumble,ADJ,听不清
1555,mundane,ADV,平凡的
1556,munificent,NOUN,慷慨的
1557,murky,ADJ,黑暗的
1558,murmur,NOUN,杂音
1559,mutate,VERB,变异
1560,mute,INTJ,沉默的
1561,mutter,NOUN,低声含糊地说
1562,myopic,NOUN,近视的
1563,myriad,NOUN,无数
1564,nadir,NOUN,nadir
1565,naïve,NOUN,天真的
1566,narcissism,NOUN,自恋
1567,nascent,NOUN,新生的
1568,natty,ADJ,考虑周到的
1569,nauseate,ADJ,厌恶
1570,nautical,ADJ,航海
1571,naysay,ADJ,拒绝
1572,nebulous,ADJ,模糊的
1573,needy,ADJ,有需要的
1574,nefarious,ADJ,邪恶的
1575,negation,NOUN,否定
1576,negligent,ADJ,疏忽
1577,negotiate,VERB,谈判
1578,neophyte,ADV,新手
1579,nerve,NOUN,神经
1580,nettle,ADJ,荨麻
1581,neutralize,VERB,中和
1582,nicety,NOUN,精密
1583,nexus,NOUN,联系
1584,nibble,ADJ,一点一点地咬
1585,nil,INTJ,尼罗河
1586,nip,NOUN,夹
1587,nitpick,NOUN,吹毛求疵
1588,nocturnal,ADJ,夜间活动的
1589,noisome,ADJ,有害的
1590,nomad,NOUN,游牧
1591,nominal,ADJ,nominal
1592,nonchalant,ADJ,冷淡的
1593,nondescript,ADV,普通的
1594,nonentity,NOUN,无足轻重的人
1595,nonplus,NOUN,困惑
1596,nonsense,NOUN,废话
1597,notch,NOUN,切口
1598,novel,NOUN,小说
1599,noxious,ADJ,有害
1600,nuance,NOUN,细微差别
1601,nudge,NOUN,推动
1602,nugatory,NOUN,无法律效力的
1603,nurture,NOUN,培养
1604,oath,NOUN,誓言
1605,obdurate,VERB,顽固的
1606,obedient,NOUN,听话
1607,obeisance,NOUN,敬礼
1608,obfuscate,VERB,混淆
1609,obligatory,ADJ,义务
1610,obliging,VERB,乐于助人的
1611,oblique,ADJ,斜
1612,obliterate,VERB,消灭
1613,oblivious,ADJ,无视
1614,obloquy,NOUN,漫骂
1615,obscure,ADJ,晦涩难懂的
1616,obsequious,ADJ,谄媚的
1617,obsess,NOUN,为
1618,obstinate,VERB,固执
1619,obstreperous,ADJ,难驾驭的
1620,obstruct,VERB,阻碍
1621,obtuse,NOUN,迟钝的
1622,obviate,VERB,排除
1623,occult,NOUN,神秘的
1624,odium,NOUN,讨厌
1625,offbeat,ADJ,弱拍的
1626,offhand,NOUN,随便的
1627,officious,ADJ,好管闲事的
1628,offish,VERB,冷漠的
1629,off-key,ADP,不恰当的
1630,ominous,ADJ,不祥的
1631,omniscient,ADJ,有无限知识的
1632,onerous,ADJ,繁重的
1633,opaque,ADJ,不透明的
1634,opine,NOUN,点名
1635,opportune,ADJ,合时宜的
1636,opprobrious,ADJ,该骂的
1637,oration,NOUN,演说
1638,orient,ADJ,东方
1639,original,ADJ,原始
1640,orthodox,INTJ,正统的
1641,oscillate,VERB,振荡
1642,ossify,VERB,僵化
1643,ostentatious,ADJ,惹人注目的
1644,ostracize,VERB,排斥
1645,oust,INTJ,驱逐
1646,outgoing,ADJ,即将离任的
1647,outlandish,ADJ,古怪的
1648,outmaneuver,ADV,智取
1649,outset,NOUN,一开始就
1650,outwit,NOUN,以智取胜
1651,overbearing,VERB,专横的
1652,overlap,VERB,重叠
1653,overt,ADJ,公开的
1654,overture,ADJ,序曲
1655,oxymoron,NOUN,矛盾修饰法
1656,pacify,VERB,安抚
1657,padding,VERB,填充
1658,paean,NOUN,赞歌
1659,painstaking,ADJ,艰苦的
1660,palatable,ADJ,美味
1661,palatial,ADJ,palatial
1662,pall,NOUN,笼罩在
1663,palliate,NOUN,掩饰
1664,pallid,ADJ,苍白的
1665,palmy,NOUN,繁荣的
1666,palpable,ADJ,确凿的
1667,palter,NOUN,讨价还价
1668,paltry,NOUN,微不足道的
1669,pan,X,pan
1670,panache,NOUN,羽
1671,pandemic,ADJ,流感大流行
1672,pandemonium,NOUN,一片混乱
1673,panegyric,ADJ,赞颂
1674,panoramic,ADJ,全景
1675,parable,ADJ,比喻
1676,paradigm,NOUN,范式
1677,paradise,PROPN,天堂
1678,paradox,NOUN,悖论
1679,paragon,NOUN,典范
1680,paramount,NOUN,派拉蒙
1681,paranoid,VERB,偏执
1682,paraphrase,NOUN,释义
1683,parch,NOUN,烤干
1684,parenthesis    ,NOUN,括号 
1685,pariah,NOUN,贱民
1686,parity,NOUN,奇偶校验
1687,parody,NOUN,拙劣的模仿
1688,paroxysm,NOUN,发作
1689,parrot,NOUN,鹦鹉
1690,parry   ,VERB,帕里 
1691,parsimonious,ADJ,吝啬的
1692,partial,ADJ,部分
1693,particularize,VERB,详细说明
1694,partisan,ADJ,游击队员
1695,pastiche,VERB,模仿
1696,partition,NOUN,分区
1697,patent,NOUN,专利
1698,pathological,ADJ,病理
1699,patina,VERB,包浆
1700,patrician,NOUN,贵族
1701,patriot,NOUN,爱国者
1702,patronize,VERB,惠顾
1703,paucity,NOUN,缺乏
1704,paunchy,ADJ,大腹便便的
1705,peck,INTJ,派克
1706,pedagogue,NOUN,教育者
1707,pedant,X,学究
1708,predestine,NOUN,注定
1709,pedestrian,NOUN,行人
1710,peep,NOUN,偷看
1711,peer,NOUN,同行
1712,peeve,ADJ,麻烦的事物
1713,pejorative,ADJ,贬义的
1714,pellucid,ADJ,透明的
1715,pen,NOUN,笔
1716,penalty,NOUN,点球
1717,penchant,NOUN,斜坡
1718,penitent,NOUN,忏悔的
1719,pensive,ADJ,沉思的
1720,penury,NOUN,贫穷
1721,perambulate    ,VERB,巡视 
1722,perceptible,ADJ,可察觉的
1723,peremptory,ADJ,专横的
1724,perfervid,ADJ,热烈的
1725,perfidy,NOUN,背信弃义
1726,perforate,VERB,穿孔
1727,perfunctory,NOUN,敷衍了事
1728,perimeter    ,NOUN,周边 
1729,periodical   ,ADJ,期刊 
1730,peripatetic,ADJ,走来走去的人
1731,peripheral,NOUN,外围
1732,perish,VERB,灭亡
1733,permanent,ADJ,永久
1734,permeable,ADJ,渗透
1735,pernicious,ADJ,有害的
1736,peroration,NOUN,结论
1737,perpetual,ADJ,永恒的
1738,persecute,VERB,迫害
1739,persevere,ADV,坚持下去
1740,persiflage,NOUN,挖苦
1741,persistence,NOUN,持久性
1742,personable,ADJ,风度翩翩的
1743,perspicacious,ADJ,有洞察力的
1744,perspicuity,NOUN,明晰
1745,pertain,NOUN,有关
1746,pertinacious,ADJ,执拗的
1747,pertinent,ADJ,相关的
1748,perturb,NOUN,扰乱
1749,peruse,NOUN,细读
1750,pervade,VERB,弥漫
1751,pessimistic,ADJ,悲观
1752,petition,NOUN,请愿书
1753,petrify,VERB,石化
1754,petty,ADJ,小
1755,phenomenal,ADJ,非凡的
1756,philanthropic,NOUN,慈善
1757,philistine,ADJ,非利士人
1758,phlegmatic,ADJ,冷漠的
1759,piddling,VERB,无用的
1760,piebald,NOUN,杂色的
1761,pigment,NOUN,色素
1762,pilfer,NOUN,被盗
1763,pillar,NOUN,支柱
1764,pillory,NOUN,颈手枷
1765,pilot,NOUN,飞行员
1766,pine,NOUN,松
1767,pinnacle,NOUN,顶峰
1768,pinpoint,NOUN,查明
1769,piquant,ADJ,尖刻
1770,pique,NOUN,矛
1771,pirate,NOUN,海盗
1772,pithy,ADJ,简洁有力的
1773,pitiless,NOUN,无情的
1774,pittance,NOUN,微薄
1775,placate,VERB,安抚
1776,placebo,NOUN,placebo
1777,plagiarize,VERB,剽窃
1778,plangent,NOUN,轰鸣的
1779,plastic,NOUN,塑料
1780,plateau,NOUN,高原
1781,platitude,ADJ,老生常谈
1782,plausible,ADJ,似是而非的
1783,pleat,NOUN,褶
1784,plentitude,VERB,充分
1785,plethora,NOUN,过多
1786,pliable,ADJ,柔软
1787,pliant,ADJ,顺从的
1788,plight,NOUN,困境
1789,plod,VERB,沉重的步伐
1790,pluck,NOUN,摘下
1791,plumb,NOUN,帕朗柏
1792,plummet,VERB,直线下降
1793,plump,ADJ,丰满
1794,plunge,VERB,跳水
1795,polarize,VERB,极化
1796,polemic,ADJ,论战
1797,polished,VERB,抛光
1798,politic,ADJ,政治
1799,pompous,ADJ,浮夸的
1800,ponderable,ADJ,有重量的
1801,ponderous,ADJ,笨重的
1802,pontificate,NOUN,教皇的职位
1803,pore,NOUN,孔隙
1804,porous,ADJ,多孔
1805,portentous,ADJ,令人惊讶的
1806,poseur,NOUN,装腔作势的
1807,posit,VERB,假定
1808,postulate,NOUN,假设
1809,posture,NOUN,的姿势
1810,potable,ADJ,适于饮用的
1811,potentate,VERB,有权势的人
1812,potentiate,VERB,加强
1813,pout,NOUN,撅嘴
1814,practitioner,NOUN,医生
1815,prairie,NOUN,草原
1816,prate,VERB,空谈
1817,preach,NOUN,传
1818,precarious,ADJ,不稳定的
1819,precedent,NOUN,先例
1820,precipice,NOUN,悬崖
1821,precipitate,VERB,沉淀
1822,precipitation,NOUN,降水
1823,precipitous,ADJ,险峻的
1824,preclude,NOUN,排除
1825,precursor,NOUN,前体
1826,predecessor,NOUN,前任
1827,predilection,NOUN,偏爱
1828,preeminent,NOUN,卓越的
1829,preempt,VERB,抢占
1830,preen,NOUN,用嘴整理
1831,preface,VERB,前言
1832,pregnant,ADJ,怀孕了
1833,premeditate,VERB,预谋
1834,preoccupation,NOUN,关注
1835,preponderant,NOUN,优势
1836,prepossessing,VERB,有魅力的
1837,preposterous,ADJ,荒谬的
1838,presage,NOUN,预示着
1839,prescience,NOUN,先见之明
1840,prescription,NOUN,处方
1841,preservative,ADJ,防腐剂
1842,prestige,NOUN,声望
1843,presumptuous,ADJ,冒昧的
1844,pretense,NOUN,借口
1845,preternatural,ADJ,超自然的
1846,prevail,VERB,占了上风
1847,prevalent,ADJ,普遍的
1848,prevaricate,NOUN,支吾其辞
1849,primordial,ADJ,主要
1850,primp,NOUN,打扮
1851,principal,NOUN,主要
1852,pristine,INTJ,原始的
1853,privation,NOUN,剥夺
1854,probe,NOUN,探针
1855,probity,NOUN,正直
1856,proclivity,NOUN,倾向
1857,procrastinate,VERB,拖延
1858,procure,NOUN,寻找
1859,prod,NOUN,刺激
1860,prodigal,ADJ,浪子
1861,prodigious,ADJ,惊人的
1862,profane,NOUN,亵渎
1863,proffer,VERB,提供
1864,proficient,ADJ,精通
1865,profligate,NOUN,挥霍无度的
1866,profundity,NOUN,深刻
1867,profusion,NOUN,缤纷
1868,prohibitive,ADJ,禁止的
1869,proliferate,VERB,增殖
1870,prolix,NOUN,说话啰嗦的
1871,prologue,NOUN,序言
1872,prolong,NOUN,延长
1873,proofread,NOUN,校对
1874,promulgate,VERB,颁布
1875,propagate,VERB,传播
1876,propensity,NOUN,倾向
1877,prophetic,ADJ,先知
1878,propitiate,ADJ,抚慰
1879,propitious,ADJ,吉祥
1880,proponent,ADJ,支持者
1881,propriety,NOUN,礼节
1882,prosaic,NOUN,平淡无奇的
1883,proscribe,NOUN,禁止
1884,prosecution,NOUN,起诉
1885,proselytize,VERB,改宗
1886,prospect,NOUN,前景
1887,prosperous,ADJ,繁荣的
1888,prostrate,NOUN,前列腺
1889,protean,NOUN,千变万化的
1890,protocol,NOUN,协议
1891,protract,VERB,延长
1892,protrude,NOUN,突出
1893,protuberant,ADJ,招人注意的
1894,provident,ADJ,有先见之明的
1895,providential,ADJ,幸运的
1896,provincial,ADJ,省
1897,provisional,ADJ,临时
1898,provisory,NOUN,有附带条件的
1899,provoke,VERB,引发
1900,prowess,NOUN,实力
1901,prowl,NOUN,徘徊
1902,prude,NOUN,故做正经的女人
1903,prudish,VERB,装正经的
1904,prudent,ADJ,谨慎的
1905,prune,NOUN,修剪
1906,pry,ADP,撬
1907,pseudonym,NOUN,笔名
1908,psychology,NOUN,心理学
1909,pucker,NOUN,皱纹
1910,puckish,VERB,淘气的
1911,puerile,ADJ,幼稚
1912,puissance,NOUN,功率
1913,pulchritude,VERB,美丽
1914,pulverize,VERB,粉碎
1915,pun,VERB,也
1916,punctilious,ADJ,一丝不苟的
1917,pundit,X,权威人士
1918,pungent,ADJ,辛辣的
1919,puny,NOUN,微不足道的
1920,purity,NOUN,纯度
1921,purlieu,VERB,常去的地方
1922,purloin,NOUN,偷窃
1923,purvey,NOUN,供应
1924,pusillanimous,ADJ,懦弱的
1925,quack,INTJ,庸医
1926,quaff,NOUN,痛饮
1927,quail,NOUN,鹌鹑
1928,qualify,VERB,有资格
1929,quandary,NOUN,窘境
1930,quarantine,NOUN,quarantine
1931,quarry,NOUN,采石场
1932,quash,NOUN,镇压
1933,quaver,NOUN,八分音符
1934,quell,VERB,平息
1935,quench,NOUN,淬火
1936,querulous,ADJ,爱挑剔的
1937,quibble,ADJ,说模棱两可的话
1938,quiescent,ADJ,静
1939,quixotic,ADJ,唐吉诃德式的
1940,quota,NOUN,份额
1941,quotidian,NOUN,司空见惯的
1942,rabble,ADJ,乌合之众
1943,rabid,VERB,患狂犬病的
1944,racy,NOUN,生动的
1945,raffish,VERB,无赖的
1946,raffle,NOUN,抽奖活动
1947,rage,NOUN,愤怒
1948,ragged,VERB,衣衫褴褛的
1949,rail,NOUN,铁路
1950,rakish,VERB,放荡的
1951,ramble,ADJ,漫游
1952,rambunctious,ADJ,喧闹的
1953,ramshackle,VERB,摇摇欲坠的
1954,rancor,NOUN,怨恨
1955,random,ADJ,随机
1956,rankle,VERB,怨恨
1957,rant,ADJ,激昂的演说
1958,rapacious,ADJ,贪婪的
1959,rapport,NOUN,报告
1960,rapprochement     ,ADJ,调节
1961,rapscallion,NOUN,流氓
1962,rapt,VERB,全神贯注的
1963,rash,VERB,皮疹
1964,rarefy,NOUN,精选
1965,raspy,NOUN,刺耳的
1966,ratify,VERB,批准
1967,ratiocination,NOUN,推理
1968,ration,NOUN,口粮
1969,rational,ADJ,理性的
1970,rave,NOUN,语无伦次地说
1971,ravel,NOUN,拉威尔
1972,ravish,VERB,强夺
1973,raze,VERB,夷为平地
1974,react,VERB,反应
1975,reactionary,ADJ,反动的
1976,ream    ,PROPN,令 
1977,reap,NOUN,收获
1978,reassure,NOUN,安抚
1979,rebuff,NOUN,断然拒绝
1980,recalcitrant,ADJ,顽固的
1981,recant,NOUN,放弃
1982,recessive,ADJ,隐性
1983,recidivate,VERB,再犯
1984,reciprocate,NOUN,报答
1985,reckless,ADJ,不计后果的
1986,recluse,NOUN,隐士
1987,recoil,NOUN,反冲
1988,reconcile,NOUN,调和
1989,recondite,VERB,深奥的
1990,reconnoiter,NOUN,探究
1991,reconstitute,VERB,重建
1992,reconvene,NOUN,召集会议
1993,rectitude,NOUN,正直
1994,recumbent,ADJ,伏卧
1995,recuperate,VERB,回收
1996,redolent,ADJ,芬芳的
1997,redoubtable,ADJ,令人敬畏的
1998,redundant,ADJ,冗余
1999,reel,NOUN,卷
2000,referee,VERB,裁判
2001,refine,VERB,完善
2002,reflect,VERB,反映
2003,refractory,NOUN,耐火材料
2004,refulgent,ADJ,辉煌的
2005,refute,VERB,反驳
2006,regenerate,VERB,再生
2007,regimen,NOUN,养生法
2008,regress,NOUN,回归
2009,rehabilitate,VERB,恢复
2010,rehearsal,NOUN,彩排
2011,reign,NOUN,统治
2012,rein,VERB,控制
2013,reiterate,VERB,重申
2014,rejoice,VERB,喜乐
2015,relapse,NOUN,复发
2016,release,NOUN,释放
2017,relentless,ADJ,无情的
2018,relevant,ADJ,有关
2019,religion,NOUN,宗教
2020,relinquish,VERB,放弃
2021,relish,NOUN,享受
2022,reluctant,ADJ,不情愿的
2023,remiss,VERB,玩忽职守
2024,remodel,ADP,改造
2025,remonstrance,NOUN,抗议
2026,remorse,NOUN,悔恨
2027,remunerate,VERB,酬劳
2028,rend,VERB,使得
2029,renegade,NOUN,叛徒
2030,renounce,NOUN,放弃
2031,renovate,VERB,翻新
2032,repartee,NOUN,妙语
2033,repatriate,VERB,遣返
2034,repeal,NOUN,废除
2035,repel,NOUN,排斥
2036,repertoire,VERB,曲目
2037,repine,NOUN,抱怨
2038,replete,ADJ,了
2039,repose,VERB,是
2040,reprehend,VERB,责备
2041,repress,NOUN,抑制
2042,reprieve,VERB,缓刑
2043,reproach,NOUN,责备
2044,reprobate,VERB,堕落的
2045,reproof,NOUN,责备
2046,reprove,VERB,责备
2047,repudiate,ADJ,否定
2048,repugnant,ADJ,令人反感的
2049,repulse,NOUN,击退
2050,repute,VERB,名声
2051,requite,VERB,报答
2052,requisite,ADJ,必要的
2053,rescind,VERB,撤销
2054,reserved,VERB,保留
2055,residue,NOUN,残留
2056,resign,VERB,辞职
2057,resilience,NOUN,弹性
2058,resolute,VERB,坚决
2059,resonant,ADJ,共振
2060,resourceful,ADJ,足智多谋
2061,respite,NOUN,喘息的机会
2062,respire,VERB,呼吸
2063,resplendent,ADJ,华丽的
2064,responsive,ADJ,响应
2065,restive,ADJ,难以驾驭的
2066,restless,INTJ,不安分的
2067,restrain,VERB,抑制
2068,resurgence,NOUN,复兴
2069,resuscitate,VERB,复苏
2070,retainer,NOUN,护圈
2071,retaliate,VERB,报复
2072,retard,NOUN,迟延
2073,retinue,NOUN,随行人员
2074,reticent,ADJ,沉默寡言
2075,retort,NOUN,反驳
2076,retouch,ADJ,修整
2077,retract,NOUN,收回
2078,retrench,NOUN,紧缩开支
2079,retribution,NOUN,报复
2080,retrograde,NOUN,逆行
2081,retrospective,VERB,回顾
2082,revelry,NOUN,狂欢
2083,revenge,NOUN,复仇
2084,revere,VERB,里维尔
2085,revise,NOUN,修改
2086,revive,VERB,恢复
2087,revoke,NOUN,撤销
2088,revolt,NOUN,反抗
2089,ribald,NOUN,下流的
2090,rickety,VERB,摇摇晃晃的
2091,rider,NOUN,骑手
2092,ridicule,NOUN,可笑的
2093,rife,NOUN,盛行
2094,rift,VERB,裂痕
2095,rile,NOUN,激怒
2096,ripen,ADJ,成熟
2097,riot,NOUN,防暴
2098,rite,NOUN,仪式
2099,rive,ADJ,塘边
2100,riveting,VERB,铆接
2101,rivulet,NOUN,小河
2102,robust,ADJ,健壮的
2103,roil,NOUN,扰乱
2104,roisterer,NOUN,摆架子的人
2105,rookie,NOUN,新秀
2106,roster,NOUN,名单
2107,rostrum,NOUN,讲坛
2108,rouse,NOUN,劳斯
2109,royalty,NOUN,皇室
2110,rubicund,VERB,红润的
2111,rudimentary,ADJ,基本的
2112,rue,X,街道
2113,ruffle,NOUN,莱夫
2114,ruminate,VERB,沉思
2115,rumple,NOUN,弄得乱七八糟
2116,run,VERB,运行
2117,runic,NOUN,古代北欧文字的
2118,rupture,NOUN,破裂
2119,ruse,NOUN,诡计
2120,rustic,ADJ,乡村
2121,rustle,VERB,沙沙声
2122,sabotage,NOUN,破坏
2123,saccharine,NOUN,糖精
2124,sacrilege,NOUN,亵渎
2125,saddle,VERB,鞍
2126,safeguard,VERB,维护
2127,sage,NOUN,明智的
2128,salient,NOUN,突出
2129,salubrious,ADJ,有益健康的
2130,salutary,ADJ,有益的
2131,salutation,NOUN,点头哈腰
2132,salvage,NOUN,打捞
2133,salve,VERB,salve
2134,sanctify,VERB,分别为圣
2135,sanctimonious,ADJ,伪善
2136,sanction,NOUN,制裁
2137,sanctuary,ADJ,圣所
2138,sand,NOUN,沙子
2139,sanguine,NOUN,乐观
2140,sanitary,NOUN,卫生
2141,sap,NOUN,sap
2142,sapient,NOUN,有见识的
2143,sarcasm,NOUN,讽刺
2144,sartorial,ADJ,裁缝的
2145,sate,NOUN,满足
2146,satiate,NOUN,满足
2147,satire,NOUN,讽刺
2148,satirize,VERB,讽刺
2149,saturate,ADJ,饱和
2150,saturnine,NOUN,沉默寡言的
2151,saunter,NOUN,漫步
2152,savant,NOUN,莎凡特
2153,savory,NOUN,风味极佳的
2154,savvy,ADJ,精明的
2155,scads,NOUN,很多
2156,scant,ADJ,缺乏
2157,scathing,VERB,严厉的
2158,schism,NOUN,分裂
2159,scintillate,VERB,闪烁
2160,scion,NOUN,接穗
2161,scission,NOUN,断开
2162,scoff,NOUN,嘲笑
2163,scorch,ADJ,烧焦
2164,scorn,VERB,嘲笑
2165,scotch,NOUN,苏格兰威士忌
2166,scour,NOUN,冲刷
2167,scowl,NOUN,阴沉沉的
2168,scrappy,ADJ,不连贯的
2169,scrap,NOUN,废
2170,scrawl,NOUN,潦草的笔迹
2171,scribble,ADJ,潦草
2172,scrupulous,ADJ,一丝不苟的
2173,scrutable,ADJ,可以了解的
2174,scrutinize,VERB,仔细检查
2175,scuff,NOUN,拖着脚走
2176,scurrilous,ADJ,下流的
2177,scurvy,ADJ,坏血病
2178,seamy,VERB,丑恶的
2179,secluded,VERB,隐蔽的
2180,secrete,NOUN,分泌
2181,sedate,VERB,稳重
2182,sedentary,ADJ,久坐不动的
2183,seduce,VERB,勾引
2184,sedulous,ADJ,刻意
2185,seemly,ADV,好看的
2186,segment,NOUN,段
2187,self-abasement,NOUN,自卑
2188,self-absorbed,NOUN,自私的
2189,seminal,ADJ,开创性的
2190,sensation,NOUN,感觉
2191,sensitive,ADJ,敏感的
2192,sentinel,NOUN,哨兵
2193,sepulchral,NOUN,阴森森的
2194,septic,NOUN,败血性
2195,sequela,NOUN,后遗症
2196,sequester,NOUN,隔离
2197,sere,ADV,sere
2198,serendipity,NOUN,意外的惊喜
2199,serene,ADJ,宁静
2200,sermon,NOUN,布道
2201,serpentine,VERB,蜿蜒的
2202,serrate,NOUN,锯齿状的
2203,serried,VERB,密集的
2204,servile,ADJ,奴性的
2205,severe,ADJ,严重的
2206,shackle,X,卸扣
2207,shadow,NOUN,影子
2208,shallow,ADJ,浅
2209,sham,VERB,虚假的
2210,shiftless,NOUN,偷懒的
2211,shipshape,NOUN,井然有序的
2212,shirk,ADJ,逃避
2213,shoal,ADJ,shoal
2214,shopworn,NOUN,陈旧的
2215,shred,VERB,分解
2216,shrewd,VERB,精明的
2217,shrink,VERB,缩小
2218,shroud,NOUN,裹尸布
2219,shrug,NOUN,耸耸肩
2220,shun,NOUN,避开
2221,sidestep,NOUN,回避
2222,signal,NOUN,信号
2223,simpleton,NOUN,傻瓜
2224,simulate,VERB,模拟
2225,sin,NOUN,罪
2226,sincere,ADJ,真诚的
2227,sinecure,NOUN,闲职
2228,sinew,VERB,筋
2229,singe,NOUN,烧焦
2230,sinuous,ADJ,蜿蜒的
2231,sip,VERB,sip
2232,skeleton,NOUN,骨架
2233,skeptic,ADJ,怀疑论者
2234,skimp,NOUN,吝啬
2235,skirmish,ADJ,冲突
2236,skirt,NOUN,裙子
2237,slack,VERB,松弛
2238,slake,VERB,熄灭
2239,slant,NOUN,偏
2240,slate,NOUN,板岩
2241,slew,VERB,杀了
2242,slight,ADJ,轻微的
2243,sling,VERB,吊索
2244,slippery,NOUN,湿滑的
2245,slipshod,NOUN,潦草的
2246,sloppy,ADJ,草率的
2247,sloth,ADJ,懒惰
2248,slouch,ADV,懒散的样子
2249,slovenly,ADV,邋遢
2250,sluggard,ADJ,游手好闲的人
2251,sluggish,ADJ,缓慢
2252,slumber,NOUN,睡眠
2253,slur,NOUN,拖着脚走
2254,sly,ADV,狡猾的
2255,smarmy,VERB,虚情假意的
2256,smart,ADJ,聪明的
2257,smattering,NOUN,少数
2258,smirk,ADJ,得意的笑
2259,smother,NOUN,令人窒息的
2260,smug,ADJ,沾沾自喜
2261,smuggling,NOUN,走私
2262,snare,NOUN,陷阱
2263,snarl,ADJ,咆哮
2264,sneer,VERB,冷笑
2265,snobbish,ADJ,势利的
2266,snub,VERB,怠慢
2267,soak,VERB,浸泡
2268,sober,ADJ,清醒的
2269,sodden,ADJ,浑身湿透的
2270,solace,NOUN,安慰
2271,solder,NOUN,焊料
2272,solemnity,NOUN,庄严
2273,solicitous,ADJ,热心的
2274,solid,ADJ,固体
2275,soliloquy,ADJ,自言自语
2276,solitude,NOUN,孤独
2277,solvent,ADJ,溶剂
2278,somatic,ADJ,体细胞
2279,somber,ADJ,忧郁的
2280,somnolence,NOUN,嗜眠症
2281,sonnet,NOUN,十四行诗
2282,soothe,INTJ,安抚
2283,sop,VERB,sop
2284,sophism,NOUN,诡辩
2285,sophisticated,ADJ,复杂的
2286,soporific,ADJ,催眠
2287,sordid,VERB,肮脏的
2288,sound,VERB,声音
2289,sparse,ADJ,稀疏的
2290,spartan,ADJ,斯巴达式的
2291,spat,NOUN,争吵
2292,spate,NOUN,接二连三
2293,specific,ADJ,具体的
2294,specious,ADJ,似是而非的
2295,speck,NOUN,斑点
2296,spectator,NOUN,观众
2297,spectrum    ,VERB,光谱 
2298,speculate,NOUN,推测
2299,spendthrift,NOUN,挥霍无度的
2300,spent,VERB,花了
2301,spindly,ADV,细长的
2302,spiny,VERB,多刺的
2303,spleen,VERB,脾
2304,splice,NOUN,拼接
2305,spontaneous,ADJ,自发的
2306,spoof,NOUN,恶搞
2307,sporadic,ADJ,零星的
2308,sprawl,NOUN,扩张
2309,sprightly,ADV,活泼的
2310,spur,NOUN,刺激
2311,spurious,ADJ,虚假的
2312,spurn,VERB,一脚踢开
2313,squabble,ADJ,争吵
2314,squalid,ADJ,肮脏的
2315,squall,NOUN,暴风
2316,squander,NOUN,浪费
2317,squat,NOUN,蹲
2318,squint,NOUN,斜视
2319,squelch,NOUN,压碎的一堆
2320,stabilize,VERB,稳定
2321,stalwart,NOUN,坚定的
2322,stamina,NOUN,耐力
2323,stammer,NOUN,结结巴巴地说
2324,startle,VERB,惊吓
2325,static,ADJ,静态
2326,stature,NOUN,身材
2327,steadfast,NOUN,坚定的
2328,stealth,NOUN,隐形
2329,steep,ADJ,陡峭的
2330,stench,NOUN,恶臭
2331,stentorian,ADJ,声音洪亮的
2332,sterile,ADJ,无菌
2333,stickler,NOUN,顽固的人
2334,stiff,ADJ,僵硬的
2335,stifle,NOUN,扼杀
2336,stigma,NOUN,耻辱
2337,stint,NOUN,工作
2338,stingy,ADJ,小气的
2339,stipple,ADJ,点画
2340,stipulate,NOUN,规定
2341,stitch,VERB,针
2342,stock,NOUN,股票
2343,stockade,VERB,围起的地方
2344,stodgy,ADJ,古板的
2345,stoke,VERB,斯托克城
2346,stoic,NOUN,斯多葛派
2347,stolid,NOUN,缺乏热情的
2348,stomach,NOUN,胃
2349,stonewall,NOUN,石墙
2350,stouthearted,VERB,刚毅的
2351,stratagem,PUNCT,战略
2352,strait,VERB,海峡
2353,strand,VERB,链
2354,stratify,VERB,分层
2355,stray,NOUN,流浪
2356,strength,NOUN,强度
2357,striate,NOUN,有条纹的
2358,stricture,NOUN,狭窄
2359,stride,NOUN,步
2360,strident,NOUN,尖锐的
2361,strike,NOUN,罢工
2362,stringent,ADJ,严格的
2363,strip,NOUN,带
2364,strut,VERB,支柱
2365,studio,NOUN,工作室
2366,stultify,VERB,使无价值
2367,stupor,NOUN,昏迷
2368,stunt,VERB,特技
2369,sturdy,ADJ,坚固的
2370,stygian,ADJ,地狱的
2371,stymie,NOUN,阻碍
2372,subdue,NOUN,制服
2373,subject,ADJ,主题
2374,subjugate,VERB,征服
2375,sublime,ADJ,崇高
2376,subliminal,ADJ,阈下
2377,submerge,X,淹没
2378,submissive,ADJ,顺从的
2379,subordinate,ADJ,下属
2380,subservient,ADJ,有帮助的
2381,subside,NOUN,消退
2382,subsidiary,NOUN,子公司
2383,subsidy,NOUN,补贴
2384,substantial,ADJ,实质性的
2385,substantiate,NOUN,证实
2386,substantive,ADJ,实质性的
2387,subterfuge,ADJ,诡计
2388,subtle,VERB,微妙的
2389,subvert,VERB,颠覆
2390,succinct,ADJ,简洁的
2391,succor,VERB,救援
2392,suffocate,VERB,窒息而死
2393,suffuse,NOUN,弥漫
2394,sulk,NOUN,生气的人
2395,sullen,VERB,阴沉的
2396,summary,NOUN,总结
2397,summit,NOUN,峰会
2398,summon,NOUN,召唤
2399,sumptuous,ADJ,华丽的
2400,sunder,NOUN,破
2401,supercilious,ADJ,目空一切的
2402,superficial,NOUN,肤浅的
2403,superfluous,ADJ,多余的
2404,superimpose,NOUN,重叠
2405,supine,NOUN,仰卧的
2406,supple,ADJ,柔软的
2407,supplant,NOUN,取代
2408,supplement,NOUN,补充
2409,supplicate,VERB,恳请
2410,supposition,NOUN,假设
2411,suppress,VERB,抑制
2412,surcharge,NOUN,附加费
2413,surfeit,NOUN,过量
2414,surrender,NOUN,投降
2415,surreptitious,ADJ,秘密的
2416,susceptibility,PUNCT,susceptibility
2417,suspend,VERB,暂停
2418,suture,X,缝合
2419,svelte,ADJ,苗条的
2420,swagger,NOUN,昂首阔步
2421,swear,VERB,发誓
2422,sweltering,VERB,闷热的
2423,swerve,VERB,偏离的程度
2424,swill,NOUN,泔水
2425,swindle,NOUN,诈骗
2426,sybarite,VERB,爱奢侈享乐的人
2427,sycophant,ADJ,奉承者
2428,syllabus,NOUN,教学大纲
2429,syllogism,NOUN,三段论
2430,symbiosis,NOUN,共生
2431,symmetry,NOUN,对称
2432,synchronous,ADJ,同步
2433,synergic,NOUN,协同
2434,synonymous,ADJ,同义的
2435,synopsis,NOUN,剧情简介
2436,synthesis,NOUN,合成
2437,tacit,ADJ,隐性
2438,taciturn,NOUN,沉默寡言的
2439,tackle,NOUN,解决
2440,tact,ADJ,机智
2441,tactile,NOUN,触觉
2442,tactless,NOUN,不老练的
2443,talisman,NOUN,护身符
2444,taint,NOUN,污染
2445,tamper,NOUN,夯
2446,tangent,NOUN,切
2447,tangible,ADJ,有形的
2448,tangy,NOUN,有刺激性的
2449,tantalize,VERB,逗弄
2450,tantamount,ADJ,等于是
2451,tantrum,NOUN,发脾气
2452,taper,NOUN,锥形
2453,tardy,ADJ,迟到的
2454,tarnish,NOUN,玷污
2455,tasty,ADJ,美味的
2456,tatty,INTJ,不值钱的
2457,taunt,NOUN,嘲讽
2458,taut,NOUN,拉紧的
2459,tawdry,ADJ,廉价而俗丽的
2460,taxing,VERB,征税
2461,tedious,ADJ,单调乏味的
2462,teeter,NOUN,摇摇欲坠
2463,telling,VERB,告诉
2464,temerity,NOUN,鲁莽
2465,temporize,VERB,顺应时势
2466,temperate,VERB,温带
2467,tempestuous,ADJ,有暴风雨的
2468,tenable,ADJ,站得住脚的
2469,tenacious,ADJ,顽强的
2470,tendentious,ADJ,有偏见的
2471,tender,NOUN,温柔的
2472,tenuous,ADJ,脆弱的
2473,tepid,ADJ,不温不火
2474,terminology,NOUN,术语
2475,terminus,NOUN,终点站
2476,terror,NOUN,恐怖
2477,terse,NOUN,简洁
2478,testimony,NOUN,证词
2479,testy,X,暴躁的
2480,tether,INTJ,系绳
2481,theatrical,ADJ,戏剧
2482,therapeutic,ADJ,治疗
2483,thorny,ADJ,棘手的
2484,threadbare,NOUN,破旧的
2485,throng,ADJ,人群
2486,thwart,NOUN,阻挠
2487,ticklish,VERB,痒
2488,tiff,NOUN,tiff
2489,tightfisted,VERB,吝啬的
2490,timeworn,NOUN,陈旧的
2491,timid,ADJ,胆小
2492,timorous,ADJ,胆小的
2493,tinge,NOUN,色彩
2494,tinker,NOUN,修改
2495,tint,NOUN,色彩
2496,tirade,NOUN,激烈的长篇演说
2497,toady,ADJ,今天
2498,tonic,NOUN,主音
2499,topsy-turvy,ADJ,乱七八糟的
2500,torpid,ADP,不活泼的
2501,torpor,NOUN,麻木
2502,torrential,ADJ,暴雨
2503,torrid,NOUN,狂热的
2504,tortuous,ADJ,曲折的
2505,tout,VERB,吹捧
2506,toy,NOUN,玩具
2507,tractable,ADJ,易处理的
2508,tranquility,NOUN,宁静
2509,transcend,VERB,超越
2510,transfigure,NOUN,美化
2511,transgress,ADJ,违背
2512,transient,ADJ,瞬态
2513,transitory,NOUN,暂时的
2514,translucent,ADJ,半透明的
2515,transparent,ADJ,透明的
2516,travail,NOUN,阵痛
2517,traverse,VERB,遍历
2518,travesty,NOUN,拙劣的模仿
2519,treacherous,ADJ,危险的
2520,trenchant,ADJ,犀利
2521,trepidation,NOUN,恐惧
2522,trespass,NOUN,侵权行为
2523,tribute,NOUN,致敬
2524,trickle,X,细流
2525,trite,NOUN,老套的
2526,trivial,ADJ,微不足道的
2527,truant,ADJ,逃学的
2528,truce,NOUN,停火协议
2529,truculent,NOUN,好斗的
2530,trudge,NOUN,沉重的步伐
2531,trumpet,NOUN,小号
2532,truncate,VERB,截断
2533,truss,ADJ,桁架
2534,tumult,NOUN,骚动
2535,turbid,ADJ,浑浊的
2536,turbulent,ADJ,动荡不安的
2537,turgid,ADJ,浮夸的
2538,turmoil,NOUN,动荡
2539,turncoat,NOUN,背叛者
2540,turpitude,NOUN,turpitude
2541,twig   ,NOUN,树枝 
2542,typo,NOUN,输入错误
2543,tyro,NOUN,初学者
2544,ubiquitous,ADJ,无处不在的
2545,unassailable,ADJ,不容置疑的
2546,uncanny,ADJ,不可思议的
2547,uncouth,NOUN,不舒适的
2548,unctuous,ADJ,油腔滑调的
2549,underdog,INTJ,失败者
2550,undergird,ADJ,加强
2551,undermine,NOUN,破坏
2552,underscore,NOUN,下划线
2553,understate,VERB,低估了
2554,understudy,VERB,替补
2555,unexceptionable,ADJ,完美无缺的
2556,unflappable,ADJ,镇定的
2557,ungainly,ADV,笨拙的
2558,unimpeachable,ADJ,无懈可击的
2559,unkempt,ADJ,不整洁的
2560,unlettered,ADJ,无字的
2561,unpretentious,ADJ,含蓄的
2562,unproductive,ADJ,非生产性的
2563,unrequited,ADJ,无回报的
2564,unruly,ADJ,不守规矩的
2565,untenable,ADJ,站不住脚的
2566,untold,ADJ,数不清的
2567,untoward,ADV,麻烦的
2568,unwitting,VERB,不知情的
2569,unwonted,ADJ,不寻常的
2570,upbraid,ADJ,责骂
2571,uphold,VERB,维护
2572,urbane,ADJ,温文尔雅的
2573,usurp,NOUN,篡夺
2574,utter,ADJ,彻底的
2575,vaccinate,NOUN,接种疫苗
2576,vacillate,ADJ,动摇
2577,vacuous,ADJ,空洞的
2578,vagary,ADJ,奇想
2579,vague,ADJ,模糊的
2580,valediction,NOUN,告别演说
2581,valiant,X,勇敢的
2582,valid,ADJ,有效的
2583,vanquish,NOUN,击败
2584,vapid,ADJ,无生气的
2585,vaporize,INTJ,蒸发
2586,variance,NOUN,方差
2587,variegated,VERB,组合成的
2588,varnish,NOUN,清漆
2589,vault,NOUN,库
2590,vaunt,NOUN,自夸
2591,veer,NOUN,方向的转变
2592,vehement,ADJ,激烈的
2593,venal,ADJ,贪赃枉法的
2594,vendor,NOUN,供应商
2595,veneer,NOUN,单板
2596,venerate,ADJ,崇敬
2597,venial,ADJ,可原谅的
2598,venom,NOUN,毒液
2599,veracious,ADJ,诚实的
2600,verbatim,ADJ,逐字
2601,verbose,NOUN,详细的
2602,verdant,ADJ,翠绿的
2603,verify,VERB,验证
2604,verisimilar,ADJ,好像是真的
2605,veritable,ADJ,名副其实的
2606,vernacular,NOUN,方言
2607,versatile,NOUN,多才多艺的
2608,verse,NOUN,节
2609,vertigo,NOUN,眩晕
2610,verve,NOUN,神韵
2611,vessel,NOUN,船
2612,vestige,NOUN,遗迹
2613,vestigial,ADJ,残留
2614,veteran,NOUN,经验丰富的
2615,veto,NOUN,否决
2616,vex,NOUN,烦恼
2617,viable,ADJ,可行的
2618,vicarious,ADJ,替代
2619,vicious,ADJ,恶性
2620,vicissitude,NOUN,变迁
2621,victimize,NOUN,使受害
2622,vigilant,ADJ,警惕
2623,vignette,NOUN,装饰图案
2624,vigorous,ADJ,充满活力的
2625,vilify,VERB,诽谤
2626,vim,PROPN,vim
2627,vindicate,NOUN,证明
2628,vindictive,ADJ,有报仇心的
2629,virtuoso,NOUN,艺术大师
2630,virtuous,ADJ,良性
2631,virulent,NOUN,致命的
2632,viscid,ADJ,半流体的
2633,viscous,ADJ,粘性
2634,visionary,ADJ,有远见的
2635,vitality,NOUN,活力
2636,vitiate,NOUN,使无效
2637,vitriolic,X,尖酸刻薄的
2638,vituperate,ADJ,谩骂
2639,vivacious,ADJ,活泼的
2640,vociferous,ADJ,激烈的
2641,volatile,ADJ,挥发性
2642,volition,NOUN,意志
2643,voluble,ADJ,健谈
2644,voluminous,ADJ,大量的
2645,voluptuous,ADJ,性感的
2646,voracious,ADJ,贪婪的
2647,votary,ADJ,出家人
2648,vouch,NOUN,担保
2649,vulgar,ADJ,粗俗的
2650,vulnerable,ADJ,脆弱的
2651,waddle,VERB,摇摇摆摆地走
2652,waffle,NOUN,华夫格
2653,waft,NOUN,飘荡
2654,wag,NOUN,爱说笑打趣的人
2655,wan,NOUN,湾
2656,wanderlust,ADJ,旅游热
2657,wane,NOUN,减弱
2658,want,VERB,想要
2659,warmonger,NOUN,战争贩子
2660,warp,VERB,经
2661,warrant,NOUN,保证
2662,wary,ADJ,持谨慎态度
2663,wastrel,VERB,废品
2664,watershed,VERB,分水岭
2665,wax,NOUN,蜡
2666,waylay,NOUN,埋伏
2667,welter,NOUN,混乱
2668,wheedle,NOUN,用甜言蜜语哄骗
2669,whet,NOUN,磨
2670,whiff,INTJ,味道
2671,whimsical,ADJ,反复无常的
2672,wholesome,ADJ,有益健康的
2673,wicked,ADJ,邪恶的
2674,wince,NOUN,脸部肌肉的抽搐
2675,windbag,NOUN,饶舌之人
2676,windy,INTJ,多风的
2677,winsome,NOUN,迷人的
2678,wit,NOUN,智慧
2679,withdraw,VERB,撤回
2680,wither,NOUN,枯萎
2681,withhold,VERB,保留
2682,wizen,NOUN,凋谢的
2683,wobble,VERB,摆动
2684,worldly,ADV,世俗的
2685,worship,VERB,敬拜
2686,wrangle,NOUN,争论
2687,wretched,VERB,可怜的
2688,wry,INTJ,扭曲
2689,xenophobe,NOUN,仇外
2690,yoke,INTJ,轭
2691,yokel,INTJ,乡巴佬
2692,zeal,NOUN,热情
2693,zealot,NOUN,狂热者
2694,zenith,ADP,天顶
2695,zesty,VERB,兴致很高的
2696,abreast,VERB,了解
2697,absent,ADJ,缺席
2698,acclaim,NOUN,好评
2699,accomplish,VERB,完成
2700,accord,NOUN,协议
2701,acknowledge,VERB,承认
2702,acquire,VERB,收购
2703,acquisitive,ADJ,贪得的
2704,adjudicate,VERB,裁决
2705,adversity,NOUN,逆境
2706,affectation,NOUN,做作
2707,affirm,NOUN,确认
2708,affix,NOUN,词缀
2709,affliction,NOUN,苦难
2710,agape,NOUN,神
2711,agility,NOUN,敏捷性
2712,*agonize,PUNCT,*折磨
2713,agreeable,ADJ,和蔼可亲的
2714,*alienate,PUNCT,*疏远
2715,alloy,NOUN,合金
2716,ambivalent,NOUN,矛盾的
2717,anachronistic,ADJ,不合时宜
2718,analogous,ADJ,类似的
2719,annex,NOUN,附件
2720,annotate,VERB,注释
2721,antedate,VERB,先于
2722,antipathy,NOUN,反感
2723,antiquated,VERB,过时的
2724,antithetical,ADJ,对立的
2725,apparition,NOUN,幽灵
2726,applicable,ADJ,适用的
2727,apprehensive,ADJ,忧虑
2728,arable,ADJ,耕地
2729,arbitrary,ADJ,任意的
2730,arcane,ADJ,晦涩难懂的
2731,argument,NOUN,论点
2732,arid,ADJ,干旱
2733,array,VERB,数组
2734,assail,NOUN,攻击
2735,asymmetry,NOUN,不对称
2736,atrophy,ADP,萎缩
2737,attest,VERB,证明
2738,attune,VERB,调
2739,august,ADJ,8月
2740,auspicious,ADJ,吉祥
2741,austere,ADJ,简朴的
2742,automatic,ADJ,自动
2743,avowal,PUNCT,声明
2744,backfire,NOUN,会适得其反
2745,backslide,ADV,倒退
2746,baffle,INTJ,挡板
2747,baffling,VERB,令人困惑的
2748,bash,NOUN,bash
2749,bask,NOUN,晒
2750,beholden,VERB,负有义务的
2751,behoove,VERB,理应
2752,beige,INTJ,米色
2753,belligerence,NOUN,好战
2754,belligerent,NOUN,好战的
2755,beset,NOUN,困扰
2756,bewitching,VERB,迷人的
2757,blackmail,VERB,勒索
2758,bluff,INTJ,虚张声势
2759,bogus,ADJ,虚假的
2760,bore,VERB,生
2761,brandish,VERB,挥舞着
2762,brim,ADJ,边缘
2763,bumble,ADJ,熊
2764,bustle,VERB,热闹的活动
2765,cachet*,NOUN,威望*
2766,calamity,NOUN,灾难
2767,calculated,VERB,计算
2768,calibrate*,NOUN,校准*
2769,canny,ADJ,精明的
2770,canonize,VERB,推崇
2771,captious,ADJ,挑剔的
2772,careen,ADJ,倾斜
2773,carefree,VERB,无忧无虑的
2774,cascade,VERB,级联
2775,cellular,ADJ,细胞
2776,ceremonious,ADJ,隆重的
2777,certitude,ADJ,确信
2778,channel,NOUN,通道
2779,chaperone,NOUN,伴护
2780,charisma,VERB,魅力
2781,cherished,VERB,珍惜
2782,chivalrous,ADJ,骑士的
2783,chorale,NOUN,合唱团
2784,clamor,NOUN,大声的要求
2785,clan,NOUN,家族
2786,cleave,NOUN,粘住
2787,cling,NOUN,抓住
2788,coarse,ADV,粗
2789,cohesive,NOUN,有凝聚力的
2790,collaborate,VERB,合作
2791,commiserate,ADJ,怜悯
2792,compatible,ADJ,兼容的
2793,compelling,ADJ,引人注目的
2794,complacent,ADJ,自鸣得意
2795,complementary,ADJ,互补
2796,complicate,VERB,复杂化
2797,comprehend,VERB,理解
2798,concrete,NOUN,混凝土
2799,condemn,VERB,谴责
2800,conditional,ADJ,有条件的
2801,conflagration,NOUN,大火
2802,conflate,NOUN,混淆
2803,conform,VERB,符合
2804,conjure,NOUN,召唤
2805,consent,NOUN,同意
2806,consign,NOUN,交付
2807,consternation,NOUN,惊愕
2808,constrict,NOUN,收缩
2809,contemplate,VERB,考虑
2810,contempt,NOUN,蔑视
2811,contend,VERB,认为
2812,contradict,NOUN,矛盾
2813,contrived,VERB,不自然的
2814,convene,NOUN,召开
2815,correlate,VERB,关联
2816,counterpart,NOUN,对应
2817,counterproductive,ADJ,适得其反
2818,courteous,ADJ,有礼貌
2819,coy,VERB,腼腆的
2820,credible,ADJ,可信的
2821,credit,NOUN,信贷
2822,crow,VERB,乌鸦
2823,damn,INTJ,该死的
2824,dampen,NOUN,抑制
2825,dashing,VERB,雄纠纠的
2826,dated,VERB,过时的
2827,deadlock,NOUN,死锁
2828,debonair,NOUN,温文尔雅的
2829,decadent,ADJ,颓废的
2830,decry,NOUN,谴责
2831,deflect,VERB,转移
2832,defray,VERB,支出
2833,deign,VERB,屈尊
2834,delegate,NOUN,委托
2835,delineate,VERB,描绘
2836,demote,NOUN,降级
2837,dependable,ADJ,可靠的
2838,deplorable,ADJ,可悲
2839,desperate,ADJ,绝望的
2840,dichotomy,NOUN,二分法
2841,dictate,VERB,规定
2842,dike,INTJ,堤
2843,discreet,NOUN,谨慎的
2844,disenchant,ADJ,使不抱幻想
2845,dishearten,VERB,使气馁
2846,disjunctive*,ADJ,析取*
2847,disprove,VERB,反驳
2848,distinctive,ADJ,独特的
2849,doctrinaire,NOUN,教条主义的
2850,domineer,NOUN,盛气凌人
2851,drab,VERB,单调的
2852,dramatic,ADJ,戏剧性的
2853,dread,VERB,恐惧
2854,duplicate,VERB,重复的
2855,dynamic,ADJ,动态
2856,eclectic,ADJ,折衷的
2857,efficacious,ADJ,有效的
2858,elude,ADJ,躲避
2859,enamored,VERB,迷恋
2860,endeavor,NOUN,努力
2861,enthrall,NOUN,使着迷
2862,equilibrium,NOUN,平衡
2863,erroneous,ADJ,错误的
2864,escort,VERB,护送
2865,ethos,VERB,精神
2866,exorcise,ADV,驱邪
2867,explicate,VERB,解释
2868,exterminate,VERB,消灭
2869,extrapolate,VERB,推断
2870,fabulous,ADJ,令人难以置信的
2871,fad,NOUN,时尚
2872,fallible,ADJ,易犯错误的
2873,fanciful,ADJ,稀奇的
2874,favoritism,NOUN,偏袒
2875,featureless,NOUN,无特色的
2876,feisty,ADJ,活跃的
2877,felony,NOUN,重罪
2878,ferocious,ADJ,凶猛的
2879,fervent,ADJ,狂热的
2880,figment,NOUN,虚构的事
2881,fitful,ADJ,断断续续的
2882,fleeting,VERB,短暂的
2883,forage,NOUN,饲料
2884,forebode,VERB,预感
2885,foreground,NOUN,前景
2886,forfeit,NOUN,丧失
2887,forsake,VERB,离弃
2888,frosty,ADJ,冷淡的
2889,gawky,NOUN,笨拙的人
2890,germinate,VERB,发芽
2891,glacial,NOUN,冰川
2892,glide,VERB,滑翔
2893,glower,NOUN,热切的注视
2894,graft,NOUN,贪污
2895,grit,NOUN,毅力
2896,groggy,NOUN,昏昏沉沉
2897,grudge,NOUN,怨恨
2898,grumble,ADJ,抱怨
2899,halfhearted,VERB,不认真的
2900,heckle,NOUN,诘问
2901,hierarchical,ADJ,分层
2902,hobble,ADJ,瘸一拐的
2903,humdrum,NOUN,单调
2904,humiliate,ADJ,羞辱
2905,hypothetical,ADJ,假设
2906,idiosyncrasy,NOUN,特质
2907,idle,ADJ,闲置
2908,ill-bred,ADV,教养不好的
2909,illustrious,ADJ,杰出的
2910,imperishable,ADJ,不灭的
2911,implicit,ADJ,隐式的
2912,impostor*,NOUN,骗子*
2913,impunity,NOUN,不受惩罚
2914,incentive,NOUN,激励
2915,incumbent,NOUN,现任
2916,indecorous,ADJ,不得体的
2917,infraction,NOUN,违规
2918,justify,VERB,证明
2919,lag,NOUN,滞后
2920,lance,NOUN,兰斯
2921,lax,ADJ,宽松的
2922,license,NOUN,许可证
2923,lionize,VERB,游览名胜
2924,ludicrous,ADJ,可笑的
2925,luminous,ADJ,发光的
2926,lurid,NOUN,耸人听闻的
2927,machination,NOUN,阴谋
2928,madcap,NOUN,鲁莽的人
2929,magnitude,NOUN,级
2930,malevolent,NOUN,恶毒的
2931,malignant,ADJ,恶性
2932,maneuver,NOUN,机动
2933,marginal,ADJ,边际
2934,meditate,ADJ,冥想
2935,menial,ADJ,卑微的
2936,meretricious,ADJ,俗气的
2937,milieu,NOUN,环境
2938,military,NOUN,军事
2939,misapprehension,NOUN,误解
2940,monarch,NOUN,君主
2941,monopolize,VERB,垄断
2942,nirvana,NOUN,涅槃
2943,nostalgia,NOUN,怀旧之情
2944,notoriety,NOUN,名声
2945,nourish,VERB,滋养
2946,novice,NOUN,新手
2947,nullification,NOUN,取消
2948,numb,ADJ,麻木了
2949,oaf,INTJ,呆子
2950,observant,ADJ,细心的
2951,obsolete,ADJ,过时了
2952,onset,NOUN,发病
2953,ordeal,NOUN,严酷的考验
2954,ostensible,ADJ,表面上
2955,outgrowth,NOUN,结果
2956,outmoded,VERB,过时的
2957,override,NOUN,覆盖
2958,overshadow,NOUN,蒙上阴影
2959,overwhelm,NOUN,压倒
2960,overwrought,VERB,过度紧张的
2961,palaver,NOUN,谈判
2962,palpitation,NOUN,心悸
2963,panacea,NOUN,灵丹妙药
2964,peculiarity,NOUN,特点
2965,pedagogical,ADJ,教学
2966,peel,NOUN,皮
2967,perceptive,ADJ,敏锐的
2968,perilous,ADJ,危险的
2969,perquisite,VERB,额外补贴
2970,petulant,NOUN,难以取悦的
2971,pioneer,NOUN,先锋
2972,pious,ADJ,虔诚的
2973,pitfall,NOUN,陷阱
2974,pivotal,ADJ,关键的
2975,placid,ADJ,平静的
2976,playful,ADJ,好玩的
2977,plebeian,NOUN,粗俗的人
2978,plentitude*,VERB,充分*
2979,plodder,NOUN,辛勤工作的人
2980,plush,ADJ,豪华的
2981,poach,NOUN,挖走
2982,pointer,NOUN,指针
2983,pragmatic,ADJ,务实的
2984,premeditate*,VERB,预谋*
2985,prerequisite,ADJ,先决条件
2986,prerogative,ADJ,特权
2987,proclaim,VERB,宣告
2988,project,NOUN,项目
2989,proprietary,ADJ,专有的
2990,prototype,NOUN,原型
2991,rampant,ADJ,猖獗的
2992,ravenous,ADJ,贪婪的
2993,redeem,NOUN,赎回
2994,refreshing,NOUN,让人耳目一新
2995,remnant,VERB,遗迹
2996,renege,NOUN,食言
2997,replenish,VERB,补充
2998,replicate,VERB,复制
2999,residual,ADJ,剩余
3000,restitution,NOUN,归还
3001,resurrect,VERB,复活
3002,retentive,VERB,保留
3003,retrieve,VERB,检索
3004,reverberate,VERB,回荡
3005,rhetorical,ADJ,修辞
3006,rigmarole,NOUN,冗长的废话
3007,ruthless,ADJ,无情的
3008,sacrosanct,ADJ,神圣不可侵犯的
3009,scourge,VERB,苦难的根源
3010,screen,NOUN,屏幕
3011,scrimp,NOUN,吝啬
3012,scruple,NOUN,顾虑
3013,secede,VERB,脱离
3014,sectarianism,NOUN,宗派主义
3015,secular,ADJ,世俗的
3016,sequel,NOUN,续集
3017,shift,VERB,转变
3018,shifty,ADJ,机智的
3019,simile,NOUN,比喻
3020,skittish,VERB,忧心忡忡的
3021,sparing,NOUN,保留
3022,splinter,NOUN,分裂
3023,splutter,VERB,语无伦次地说
3024,squeamish,ADJ,过于拘谨的
3025,stasis,NOUN,瘀
3026,staunch,ADJ,坚定的
3027,stereotype,NOUN,刻板印象
3028,stigmatize,VERB,玷污
3029,substitute,NOUN,替代
3030,succumb,NOUN,屈服
3031,supersede,NOUN,取代
3032,surly,ADV,粗暴的
3033,surmise,NOUN,推测
3034,surmount,VERB,克服
3035,surpass,NOUN,超越
3036,surrogate,VERB,代理
3037,surveillance,NOUN,监测
3038,tame,ADJ,驯服
3039,tangle,NOUN,纠结
3040,teeming,VERB,拥挤的
3041,temporal,ADJ,时间
3042,tentative,ADJ,试探性的
3043,thick-skinned,ADJ,麻木不仁的
3044,thrill,NOUN,兴奋
3045,timely,ADV,及时的
3046,topsy-turvy*,ADJ,乱七八糟的*
3047,trifle,ADV,蛋糕
3048,trifling,VERB,微不足道的
3049,tycoon,NOUN,大亨
3050,tyrant,NOUN,暴君
3051,umbrage,NOUN,不快
3052,unanimous,ADJ,一致
3053,unavailing,VERB,无效的
3054,unremitting,NOUN,不懈的
3055,versed,VERB,工
3056,vile,ADJ,卑鄙的
3057,vocation,NOUN,职业
3058,vouchsafe,NOUN,允诺
3059,voyeur,NOUN,偷窥狂
3060,wanting,VERB,想要
3061,wayward,ADJ,任性的
3062,weather,NOUN,天气
3063,willful,ADJ,任性的
3064,willy-nilly,ADV,不管愿不愿意地
3065,wilt,NOUN,必
3066,wily,ADJ,狡猾的
3067,wiretap,NOUN,窃听
3068,wistful,ADJ,渴望的
3069,wrest,ADJ,夺取
3070,wrongheaded,VERB,错误的
